-- ----------------------------
-- Records of sys_permission
-- ----------------------------
BEGIN;
INSERT INTO `sys_permission` (`id`, `parent_id`, `path`, `component`, `exact`, `redirect`, `wrappers`, `title`, `hash`, `name`, `icon`, `routes`, `key`, `target`, `hide_children_in_menu`, `hide_in_menu`, `locale`, `disabled`, `parent_keys`, `flat_menu`, `tooltip`, `app_type`, `permission`, `type`, `description`, `sort`, `del_flag`, `create_time`, `create_user`, `update_time`, `update_user`) VALUES (2, 0, '/system/perm', 'RouteView', 1, '/system/PermissionList', NULL, '权限管理', 0, '权限管理', '', NULL, 'PermissionManager', NULL, 0, 0, NULL, NULL, '', 0, NULL, 'MANAGER_BFF', NULL, 0, NULL, 10, b'0', NULL, NULL, '2023-09-14 22:02:54', '2');
INSERT INTO `sys_permission` (`id`, `parent_id`, `path`, `component`, `exact`, `redirect`, `wrappers`, `title`, `hash`, `name`, `icon`, `routes`, `key`, `target`, `hide_children_in_menu`, `hide_in_menu`, `locale`, `disabled`, `parent_keys`, `flat_menu`, `tooltip`, `app_type`, `permission`, `type`, `description`, `sort`, `del_flag`, `create_time`, `create_user`, `update_time`, `update_user`) VALUES (3, 133, '/system/manager/permission', 'system/permission', 1, '', NULL, '权限列表', 0, '权限管理', NULL, NULL, 'PermissionList', NULL, 0, 0, NULL, NULL, '4', 0, NULL, 'MANAGER_BFF', NULL, 1, '/system/permission?appType=MANAGER_BFF', 0, b'0', NULL, NULL, '2023-08-07 23:43:03', '2');
INSERT INTO `sys_permission` (`id`, `parent_id`, `path`, `component`, `exact`, `redirect`, `wrappers`, `title`, `hash`, `name`, `icon`, `routes`, `key`, `target`, `hide_children_in_menu`, `hide_in_menu`, `locale`, `disabled`, `parent_keys`, `flat_menu`, `tooltip`, `app_type`, `permission`, `type`, `description`, `sort`, `del_flag`, `create_time`, `create_user`, `update_time`, `update_user`) VALUES (6, 133, '/system/manager/role', './system/role', 1, NULL, NULL, '角色列表', 0, '角色管理', NULL, NULL, 'RoleList', NULL, 0, 0, NULL, NULL, '4', 0, NULL, 'MANAGER_BFF', NULL, 1, NULL, 1, b'0', '2022-07-21 17:00:59', '1', '2023-08-08 00:04:03', '1');
INSERT INTO `sys_permission` (`id`, `parent_id`, `path`, `component`, `exact`, `redirect`, `wrappers`, `title`, `hash`, `name`, `icon`, `routes`, `key`, `target`, `hide_children_in_menu`, `hide_in_menu`, `locale`, `disabled`, `parent_keys`, `flat_menu`, `tooltip`, `app_type`, `permission`, `type`, `description`, `sort`, `del_flag`, `create_time`, `create_user`, `update_time`, `update_user`) VALUES (24, 0, '/news', 'news/News', 1, NULL, NULL, 'hot-news', 0, '热点资讯', NULL, NULL, '1022541409200242688', NULL, 0, 1, NULL, NULL, '', 1, NULL, 'CLIENT_BFF', NULL, 0, NULL, 10, b'0', '2022-09-22 16:14:30', '1', '2023-08-24 23:48:56', '1');
INSERT INTO `sys_permission` (`id`, `parent_id`, `path`, `component`, `exact`, `redirect`, `wrappers`, `title`, `hash`, `name`, `icon`, `routes`, `key`, `target`, `hide_children_in_menu`, `hide_in_menu`, `locale`, `disabled`, `parent_keys`, `flat_menu`, `tooltip`, `app_type`, `permission`, `type`, `description`, `sort`, `del_flag`, `create_time`, `create_user`, `update_time`, `update_user`) VALUES (25, 0, NULL, '404', 1, NULL, NULL, 'about', 0, '关于我', NULL, NULL, '1022547911113834496', NULL, 0, 0, NULL, NULL, NULL, 0, NULL, 'CLIENT_BFF', NULL, 0, NULL, 11, b'0', '2022-09-22 16:40:20', '1', '2023-07-16 06:05:49', '1');
INSERT INTO `sys_permission` (`id`, `parent_id`, `path`, `component`, `exact`, `redirect`, `wrappers`, `title`, `hash`, `name`, `icon`, `routes`, `key`, `target`, `hide_children_in_menu`, `hide_in_menu`, `locale`, `disabled`, `parent_keys`, `flat_menu`, `tooltip`, `app_type`, `permission`, `type`, `description`, `sort`, `del_flag`, `create_time`, `create_user`, `update_time`, `update_user`) VALUES (29, 0, NULL, NULL, 1, NULL, NULL, 'test', 0, '1', NULL, NULL, '1022834125112999936', NULL, 0, 0, NULL, NULL, NULL, 0, NULL, NULL, NULL, 0, NULL, 0, b'0', '2022-09-23 11:37:39', '1', '2023-07-16 06:05:49', '1');
INSERT INTO `sys_permission` (`id`, `parent_id`, `path`, `component`, `exact`, `redirect`, `wrappers`, `title`, `hash`, `name`, `icon`, `routes`, `key`, `target`, `hide_children_in_menu`, `hide_in_menu`, `locale`, `disabled`, `parent_keys`, `flat_menu`, `tooltip`, `app_type`, `permission`, `type`, `description`, `sort`, `del_flag`, `create_time`, `create_user`, `update_time`, `update_user`) VALUES (30, 0, NULL, 'RouteView', 1, '/common/CommonList', NULL, 'content', 0, '内容管理', NULL, NULL, '1023581550027079680', NULL, 0, 0, NULL, NULL, NULL, 0, NULL, 'MANAGER_BFF', NULL, 0, NULL, 2, b'0', '2022-09-25 13:07:39', '1', '2023-07-16 06:05:49', '2');
INSERT INTO `sys_permission` (`id`, `parent_id`, `path`, `component`, `exact`, `redirect`, `wrappers`, `title`, `hash`, `name`, `icon`, `routes`, `key`, `target`, `hide_children_in_menu`, `hide_in_menu`, `locale`, `disabled`, `parent_keys`, `flat_menu`, `tooltip`, `app_type`, `permission`, `type`, `description`, `sort`, `del_flag`, `create_time`, `create_user`, `update_time`, `update_user`) VALUES (32, 0, '/dictionary', 'RouteView', 1, '/dictionary/DictionaryList', NULL, 'system-config', 0, '系统设置', NULL, NULL, '1023582514612142080', NULL, 0, 0, NULL, NULL, NULL, 0, NULL, 'MANAGER_BFF', NULL, 0, NULL, 11, b'0', '2022-09-25 13:11:29', '1', '2023-07-16 06:05:49', '1');
INSERT INTO `sys_permission` (`id`, `parent_id`, `path`, `component`, `exact`, `redirect`, `wrappers`, `title`, `hash`, `name`, `icon`, `routes`, `key`, `target`, `hide_children_in_menu`, `hide_in_menu`, `locale`, `disabled`, `parent_keys`, `flat_menu`, `tooltip`, `app_type`, `permission`, `type`, `description`, `sort`, `del_flag`, `create_time`, `create_user`, `update_time`, `update_user`) VALUES (33, 32, '/dictionary', '', 1, NULL, NULL, '字典管理', 0, '字典管理', NULL, NULL, '1023582684754083840', NULL, 0, 0, NULL, NULL, '1023582514612142080', 0, NULL, 'MANAGER_BFF', NULL, 1, NULL, 0, b'0', '2022-09-25 13:12:09', '1', '2023-07-29 16:59:23', '1');
INSERT INTO `sys_permission` (`id`, `parent_id`, `path`, `component`, `exact`, `redirect`, `wrappers`, `title`, `hash`, `name`, `icon`, `routes`, `key`, `target`, `hide_children_in_menu`, `hide_in_menu`, `locale`, `disabled`, `parent_keys`, `flat_menu`, `tooltip`, `app_type`, `permission`, `type`, `description`, `sort`, `del_flag`, `create_time`, `create_user`, `update_time`, `update_user`) VALUES (45, 0, '/system/user', NULL, 1, NULL, NULL, 'user', 0, '用户管理', NULL, NULL, '1032751386690977792', NULL, 0, 0, NULL, NULL, '', 0, NULL, 'MANAGER_BFF', NULL, 0, NULL, 9, b'0', '2022-10-20 20:25:18', '1', '2023-09-14 22:03:28', '1');
INSERT INTO `sys_permission` (`id`, `parent_id`, `path`, `component`, `exact`, `redirect`, `wrappers`, `title`, `hash`, `name`, `icon`, `routes`, `key`, `target`, `hide_children_in_menu`, `hide_in_menu`, `locale`, `disabled`, `parent_keys`, `flat_menu`, `tooltip`, `app_type`, `permission`, `type`, `description`, `sort`, `del_flag`, `create_time`, `create_user`, `update_time`, `update_user`) VALUES (48, 0, '/', '', 1, NULL, NULL, '首页', 0, '首页', NULL, NULL, '1043684566008725504', NULL, 0, 0, NULL, NULL, '', 0, NULL, 'CLIENT_BFF', NULL, 0, NULL, 0, b'0', '2022-11-20 00:29:51', '1', '2023-08-29 05:01:16', '1');
INSERT INTO `sys_permission` (`id`, `parent_id`, `path`, `component`, `exact`, `redirect`, `wrappers`, `title`, `hash`, `name`, `icon`, `routes`, `key`, `target`, `hide_children_in_menu`, `hide_in_menu`, `locale`, `disabled`, `parent_keys`, `flat_menu`, `tooltip`, `app_type`, `permission`, `type`, `description`, `sort`, `del_flag`, `create_time`, `create_user`, `update_time`, `update_user`) VALUES (49, 0, '/tools', 'RouteView', 1, '/tools', NULL, 'tools', 0, '工具', NULL, NULL, '1043880902666616832', NULL, 1, 0, NULL, NULL, '', 0, NULL, 'CLIENT_BFF', NULL, 0, NULL, 3, b'0', '2022-11-20 13:30:02', '1', '2023-08-24 23:48:39', '1');
INSERT INTO `sys_permission` (`id`, `parent_id`, `path`, `component`, `exact`, `redirect`, `wrappers`, `title`, `hash`, `name`, `icon`, `routes`, `key`, `target`, `hide_children_in_menu`, `hide_in_menu`, `locale`, `disabled`, `parent_keys`, `flat_menu`, `tooltip`, `app_type`, `permission`, `type`, `description`, `sort`, `del_flag`, `create_time`, `create_user`, `update_time`, `update_user`) VALUES (50, 0, '/books', 'books/Books', 1, NULL, NULL, 'books', 0, '图书', NULL, NULL, '1043884103285473280', NULL, 0, 0, NULL, NULL, NULL, 0, NULL, 'CLIENT_BFF', NULL, 0, '', 5, b'0', '2022-11-20 13:42:45', '1', '2023-07-16 06:05:49', '1');
INSERT INTO `sys_permission` (`id`, `parent_id`, `path`, `component`, `exact`, `redirect`, `wrappers`, `title`, `hash`, `name`, `icon`, `routes`, `key`, `target`, `hide_children_in_menu`, `hide_in_menu`, `locale`, `disabled`, `parent_keys`, `flat_menu`, `tooltip`, `app_type`, `permission`, `type`, `description`, `sort`, `del_flag`, `create_time`, `create_user`, `update_time`, `update_user`) VALUES (51, 0, '/note', NULL, 1, NULL, NULL, 'note', 0, '我的笔记', NULL, NULL, '1043884411701035008', NULL, 0, 0, NULL, NULL, '', 0, NULL, 'CLIENT_BFF', NULL, 0, NULL, 6, b'0', '2022-11-20 13:43:58', '1', '2023-08-30 20:56:36', '1');
INSERT INTO `sys_permission` (`id`, `parent_id`, `path`, `component`, `exact`, `redirect`, `wrappers`, `title`, `hash`, `name`, `icon`, `routes`, `key`, `target`, `hide_children_in_menu`, `hide_in_menu`, `locale`, `disabled`, `parent_keys`, `flat_menu`, `tooltip`, `app_type`, `permission`, `type`, `description`, `sort`, `del_flag`, `create_time`, `create_user`, `update_time`, `update_user`) VALUES (54, 49, '/tools/timestamp', 'tools/modules/Timestamp', 1, '', NULL, 'timestamp', 0, '时间戳转换', NULL, NULL, '1045710978827812864', NULL, 0, 0, NULL, NULL, NULL, 0, NULL, 'CLIENT_BFF', NULL, 1, NULL, 0, b'0', '2022-11-25 14:42:06', '1', '2023-07-16 06:05:49', '1');
INSERT INTO `sys_permission` (`id`, `parent_id`, `path`, `component`, `exact`, `redirect`, `wrappers`, `title`, `hash`, `name`, `icon`, `routes`, `key`, `target`, `hide_children_in_menu`, `hide_in_menu`, `locale`, `disabled`, `parent_keys`, `flat_menu`, `tooltip`, `app_type`, `permission`, `type`, `description`, `sort`, `del_flag`, `create_time`, `create_user`, `update_time`, `update_user`) VALUES (55, 49, '/tools', 'tools/Tools', 1, '', NULL, 'list', 0, '工具', NULL, NULL, '1045739518642225152', NULL, 0, 0, NULL, NULL, NULL, 0, NULL, 'CLIENT_BFF', NULL, 1, NULL, 0, b'0', '2022-11-25 16:35:30', '1', '2023-07-16 06:05:49', '1');
INSERT INTO `sys_permission` (`id`, `parent_id`, `path`, `component`, `exact`, `redirect`, `wrappers`, `title`, `hash`, `name`, `icon`, `routes`, `key`, `target`, `hide_children_in_menu`, `hide_in_menu`, `locale`, `disabled`, `parent_keys`, `flat_menu`, `tooltip`, `app_type`, `permission`, `type`, `description`, `sort`, `del_flag`, `create_time`, `create_user`, `update_time`, `update_user`) VALUES (56, 49, '/tools/codeEditor', 'tools/modules/CodeEditor', 1, NULL, NULL, 'monacoEditor', 0, '在线代码编辑器', NULL, NULL, '1048017509082595328', NULL, 0, 0, NULL, NULL, NULL, 0, NULL, 'CLIENT_BFF', NULL, 1, NULL, 0, b'0', '2022-12-01 23:27:25', '1', '2023-07-16 06:05:49', '1');
INSERT INTO `sys_permission` (`id`, `parent_id`, `path`, `component`, `exact`, `redirect`, `wrappers`, `title`, `hash`, `name`, `icon`, `routes`, `key`, `target`, `hide_children_in_menu`, `hide_in_menu`, `locale`, `disabled`, `parent_keys`, `flat_menu`, `tooltip`, `app_type`, `permission`, `type`, `description`, `sort`, `del_flag`, `create_time`, `create_user`, `update_time`, `update_user`) VALUES (57, 30, '/tools', '', 1, NULL, NULL, 'toolsList', 0, '工具列表', NULL, NULL, '1048930417555668992', NULL, 0, 0, NULL, NULL, '1023581550027079680', 0, NULL, 'MANAGER_BFF', NULL, 1, NULL, 0, b'0', '2022-12-04 11:55:00', '1', '2023-08-27 22:22:46', '2');
INSERT INTO `sys_permission` (`id`, `parent_id`, `path`, `component`, `exact`, `redirect`, `wrappers`, `title`, `hash`, `name`, `icon`, `routes`, `key`, `target`, `hide_children_in_menu`, `hide_in_menu`, `locale`, `disabled`, `parent_keys`, `flat_menu`, `tooltip`, `app_type`, `permission`, `type`, `description`, `sort`, `del_flag`, `create_time`, `create_user`, `update_time`, `update_user`) VALUES (58, 49, '/tools/jsonFormat', 'tools/modules/JsonFormat', 1, NULL, NULL, 'JsonFormat', 0, '在线JSON格式化', NULL, NULL, '1048993374218092544', NULL, 0, 0, NULL, NULL, NULL, 0, NULL, 'CLIENT_BFF', NULL, 1, NULL, 0, b'0', '2022-12-04 16:05:10', '1', '2023-07-16 06:05:49', '1');
INSERT INTO `sys_permission` (`id`, `parent_id`, `path`, `component`, `exact`, `redirect`, `wrappers`, `title`, `hash`, `name`, `icon`, `routes`, `key`, `target`, `hide_children_in_menu`, `hide_in_menu`, `locale`, `disabled`, `parent_keys`, `flat_menu`, `tooltip`, `app_type`, `permission`, `type`, `description`, `sort`, `del_flag`, `create_time`, `create_user`, `update_time`, `update_user`) VALUES (59, 49, '/tools/textCompare', 'tools/modules/TextCompare', 1, NULL, NULL, 'TextCompare', 0, '在线文本对比', NULL, NULL, '1048996243000393728', NULL, 0, 0, NULL, NULL, NULL, 0, NULL, 'CLIENT_BFF', NULL, 1, NULL, 0, b'0', '2022-12-04 16:16:34', '1', '2023-07-16 06:05:49', '1');
INSERT INTO `sys_permission` (`id`, `parent_id`, `path`, `component`, `exact`, `redirect`, `wrappers`, `title`, `hash`, `name`, `icon`, `routes`, `key`, `target`, `hide_children_in_menu`, `hide_in_menu`, `locale`, `disabled`, `parent_keys`, `flat_menu`, `tooltip`, `app_type`, `permission`, `type`, `description`, `sort`, `del_flag`, `create_time`, `create_user`, `update_time`, `update_user`) VALUES (60, 0, NULL, NULL, 1, NULL, NULL, 'MessageBoard', 0, '留言板', NULL, NULL, '1050222350777319424', NULL, 0, 0, NULL, NULL, NULL, 0, NULL, 'CLIENT_BFF', NULL, 0, NULL, 12, b'0', '2022-12-08 01:28:41', '1', '2023-07-16 06:05:49', '1');
INSERT INTO `sys_permission` (`id`, `parent_id`, `path`, `component`, `exact`, `redirect`, `wrappers`, `title`, `hash`, `name`, `icon`, `routes`, `key`, `target`, `hide_children_in_menu`, `hide_in_menu`, `locale`, `disabled`, `parent_keys`, `flat_menu`, `tooltip`, `app_type`, `permission`, `type`, `description`, `sort`, `del_flag`, `create_time`, `create_user`, `update_time`, `update_user`) VALUES (61, 0, NULL, NULL, 1, NULL, NULL, 'links', 0, '友情链接', NULL, NULL, '1050222876650766336', NULL, 0, 0, NULL, NULL, NULL, 0, NULL, 'CLIENT_BFF', NULL, 0, NULL, 13, b'0', '2022-12-08 01:30:46', '1', '2023-07-16 06:05:49', '1');
INSERT INTO `sys_permission` (`id`, `parent_id`, `path`, `component`, `exact`, `redirect`, `wrappers`, `title`, `hash`, `name`, `icon`, `routes`, `key`, `target`, `hide_children_in_menu`, `hide_in_menu`, `locale`, `disabled`, `parent_keys`, `flat_menu`, `tooltip`, `app_type`, `permission`, `type`, `description`, `sort`, `del_flag`, `create_time`, `create_user`, `update_time`, `update_user`) VALUES (62, 30, '/article', '', 1, NULL, NULL, '文章管理', 0, '文章管理', NULL, NULL, '1059903793912741888', '', 0, 0, NULL, NULL, '1023581550027079680', 0, NULL, 'MANAGER_BFF', NULL, 1, NULL, 0, b'0', '2023-01-03 18:39:17', '1', '2023-08-05 14:15:10', '1');
INSERT INTO `sys_permission` (`id`, `parent_id`, `path`, `component`, `exact`, `redirect`, `wrappers`, `title`, `hash`, `name`, `icon`, `routes`, `key`, `target`, `hide_children_in_menu`, `hide_in_menu`, `locale`, `disabled`, `parent_keys`, `flat_menu`, `tooltip`, `app_type`, `permission`, `type`, `description`, `sort`, `del_flag`, `create_time`, `create_user`, `update_time`, `update_user`) VALUES (63, 30, '/category', NULL, 1, NULL, NULL, 'category-manager', 0, '分类管理', NULL, NULL, '1059903933830529024', NULL, 0, 0, NULL, NULL, '1023581550027079680', 0, NULL, 'MANAGER_BFF', NULL, 1, NULL, 0, b'0', '2023-01-03 18:39:50', '1', '2023-07-26 13:23:18', '1');
INSERT INTO `sys_permission` (`id`, `parent_id`, `path`, `component`, `exact`, `redirect`, `wrappers`, `title`, `hash`, `name`, `icon`, `routes`, `key`, `target`, `hide_children_in_menu`, `hide_in_menu`, `locale`, `disabled`, `parent_keys`, `flat_menu`, `tooltip`, `app_type`, `permission`, `type`, `description`, `sort`, `del_flag`, `create_time`, `create_user`, `update_time`, `update_user`) VALUES (64, 30, '/friendly', '', 1, NULL, NULL, 'friendly-link', 0, '友情链接管理', NULL, NULL, '1059905376759185408', NULL, 0, 0, NULL, NULL, '1023581550027079680', 0, NULL, 'MANAGER_BFF', NULL, 1, NULL, 0, b'0', '2023-01-03 18:45:34', '1', '2024-01-17 23:12:06', '2');
INSERT INTO `sys_permission` (`id`, `parent_id`, `path`, `component`, `exact`, `redirect`, `wrappers`, `title`, `hash`, `name`, `icon`, `routes`, `key`, `target`, `hide_children_in_menu`, `hide_in_menu`, `locale`, `disabled`, `parent_keys`, `flat_menu`, `tooltip`, `app_type`, `permission`, `type`, `description`, `sort`, `del_flag`, `create_time`, `create_user`, `update_time`, `update_user`) VALUES (65, 45, '/system/account', NULL, 1, NULL, NULL, '系统账号', 0, '系统账号', NULL, NULL, '1063823998523146240', NULL, 0, 0, NULL, NULL, '1032751386690977792', 0, NULL, 'MANAGER_BFF', NULL, 1, NULL, 2, b'0', '2023-01-14 14:16:46', '1', '2023-09-14 21:53:18', '1');
INSERT INTO `sys_permission` (`id`, `parent_id`, `path`, `component`, `exact`, `redirect`, `wrappers`, `title`, `hash`, `name`, `icon`, `routes`, `key`, `target`, `hide_children_in_menu`, `hide_in_menu`, `locale`, `disabled`, `parent_keys`, `flat_menu`, `tooltip`, `app_type`, `permission`, `type`, `description`, `sort`, `del_flag`, `create_time`, `create_user`, `update_time`, `update_user`) VALUES (66, 65, '/api/manager/auth/logout', NULL, 1, NULL, NULL, 'manager_auth_logout', 0, '退出登录', NULL, NULL, '1065072505322078208', NULL, 0, 0, NULL, NULL, '1063823998523146240', 0, NULL, 'MANAGER_BFF', 'anon', 2, NULL, 0, b'0', '2023-01-18 00:57:53', '1', '2023-07-26 13:25:11', '1');
INSERT INTO `sys_permission` (`id`, `parent_id`, `path`, `component`, `exact`, `redirect`, `wrappers`, `title`, `hash`, `name`, `icon`, `routes`, `key`, `target`, `hide_children_in_menu`, `hide_in_menu`, `locale`, `disabled`, `parent_keys`, `flat_menu`, `tooltip`, `app_type`, `permission`, `type`, `description`, `sort`, `del_flag`, `create_time`, `create_user`, `update_time`, `update_user`) VALUES (67, 45, '/system/user', NULL, 1, NULL, NULL, 'use', 0, '用户信息', NULL, NULL, '1065073223911211008', NULL, 0, 0, NULL, NULL, '1032751386690977792', 0, NULL, 'MANAGER_BFF', NULL, 1, NULL, 1, b'0', '2023-01-18 01:00:45', '1', '2023-09-14 21:53:11', '1');
INSERT INTO `sys_permission` (`id`, `parent_id`, `path`, `component`, `exact`, `redirect`, `wrappers`, `title`, `hash`, `name`, `icon`, `routes`, `key`, `target`, `hide_children_in_menu`, `hide_in_menu`, `locale`, `disabled`, `parent_keys`, `flat_menu`, `tooltip`, `app_type`, `permission`, `type`, `description`, `sort`, `del_flag`, `create_time`, `create_user`, `update_time`, `update_user`) VALUES (68, 67, '/api/user/info/getInfo', NULL, 1, NULL, NULL, 'user_info_getInfo', 0, '获取用户信息', NULL, NULL, '1065073553549950976', NULL, 0, 0, NULL, NULL, '1065073223911211008', 0, NULL, 'MANAGER_BFF', 'get', 2, NULL, 0, b'0', '2023-01-18 01:02:03', '1', '2023-07-26 13:25:20', '1');
INSERT INTO `sys_permission` (`id`, `parent_id`, `path`, `component`, `exact`, `redirect`, `wrappers`, `title`, `hash`, `name`, `icon`, `routes`, `key`, `target`, `hide_children_in_menu`, `hide_in_menu`, `locale`, `disabled`, `parent_keys`, `flat_menu`, `tooltip`, `app_type`, `permission`, `type`, `description`, `sort`, `del_flag`, `create_time`, `create_user`, `update_time`, `update_user`) VALUES (69, 67, '/api/system/permission/nav', NULL, 1, NULL, NULL, 'system_permission_nav', 0, '获取用户权限', NULL, NULL, '1065073959608909824', NULL, 0, 0, NULL, NULL, '1065073223911211008', 0, NULL, 'MANAGER_BFF', 'get', 2, NULL, 0, b'0', '2023-01-18 01:03:40', '1', '2023-07-26 13:25:24', '1');
INSERT INTO `sys_permission` (`id`, `parent_id`, `path`, `component`, `exact`, `redirect`, `wrappers`, `title`, `hash`, `name`, `icon`, `routes`, `key`, `target`, `hide_children_in_menu`, `hide_in_menu`, `locale`, `disabled`, `parent_keys`, `flat_menu`, `tooltip`, `app_type`, `permission`, `type`, `description`, `sort`, `del_flag`, `create_time`, `create_user`, `update_time`, `update_user`) VALUES (70, 32, '/activemq', NULL, 1, '', NULL, 'activemqManager', 0, 'Activity MQ 管理', NULL, NULL, '1065230056332328960', '', 0, 0, NULL, NULL, '1023582514612142080', 0, NULL, 'MANAGER_BFF', 'add', 1, NULL, 0, b'0', '2023-01-18 11:23:56', '1', '2023-08-05 14:50:06', '1');
INSERT INTO `sys_permission` (`id`, `parent_id`, `path`, `component`, `exact`, `redirect`, `wrappers`, `title`, `hash`, `name`, `icon`, `routes`, `key`, `target`, `hide_children_in_menu`, `hide_in_menu`, `locale`, `disabled`, `parent_keys`, `flat_menu`, `tooltip`, `app_type`, `permission`, `type`, `description`, `sort`, `del_flag`, `create_time`, `create_user`, `update_time`, `update_user`) VALUES (71, 33, '/api/dictionary/value', NULL, 1, NULL, NULL, 'dictionary_value', 0, '获取字典内容', NULL, NULL, '1065073959608909001', NULL, 0, 0, NULL, NULL, '1023582684754083840', 0, NULL, 'MANAGER_BFF', 'user', 2, NULL, 0, b'0', NULL, '1', '2023-09-18 13:06:23', '2');
INSERT INTO `sys_permission` (`id`, `parent_id`, `path`, `component`, `exact`, `redirect`, `wrappers`, `title`, `hash`, `name`, `icon`, `routes`, `key`, `target`, `hide_children_in_menu`, `hide_in_menu`, `locale`, `disabled`, `parent_keys`, `flat_menu`, `tooltip`, `app_type`, `permission`, `type`, `description`, `sort`, `del_flag`, `create_time`, `create_user`, `update_time`, `update_user`) VALUES (72, 6, '/api/sys/role/page', NULL, 1, NULL, NULL, 'page', 0, '列表', NULL, NULL, '1065073959608909002', NULL, 0, 0, NULL, NULL, 'RoleList', 0, NULL, 'MANAGER_BFF', 'query', 2, NULL, 0, b'0', NULL, NULL, '2023-09-18 13:21:35', '2');
INSERT INTO `sys_permission` (`id`, `parent_id`, `path`, `component`, `exact`, `redirect`, `wrappers`, `title`, `hash`, `name`, `icon`, `routes`, `key`, `target`, `hide_children_in_menu`, `hide_in_menu`, `locale`, `disabled`, `parent_keys`, `flat_menu`, `tooltip`, `app_type`, `permission`, `type`, `description`, `sort`, `del_flag`, `create_time`, `create_user`, `update_time`, `update_user`) VALUES (73, 6, '/api/sys/role/rolePermissionIds', NULL, 1, NULL, NULL, 'system_role_rolePermissionIds', 0, '获取角色权限', NULL, NULL, '1065073959608909003', NULL, 0, 0, NULL, NULL, 'RoleList', 0, NULL, 'MANAGER_BFF', 'get', 2, NULL, 0, b'0', NULL, NULL, '2023-09-18 13:23:03', '2');
INSERT INTO `sys_permission` (`id`, `parent_id`, `path`, `component`, `exact`, `redirect`, `wrappers`, `title`, `hash`, `name`, `icon`, `routes`, `key`, `target`, `hide_children_in_menu`, `hide_in_menu`, `locale`, `disabled`, `parent_keys`, `flat_menu`, `tooltip`, `app_type`, `permission`, `type`, `description`, `sort`, `del_flag`, `create_time`, `create_user`, `update_time`, `update_user`) VALUES (74, 6, '/api/sys/role/authorizeRolePermission', NULL, 1, NULL, NULL, 'authorizeRolePermission', 0, '角色授权', NULL, NULL, '1065073959608909004', NULL, 0, 0, NULL, NULL, 'RoleList', 0, NULL, 'MANAGER_BFF', 'edit', 2, NULL, 0, b'0', NULL, NULL, '2023-09-18 13:21:45', '2');
INSERT INTO `sys_permission` (`id`, `parent_id`, `path`, `component`, `exact`, `redirect`, `wrappers`, `title`, `hash`, `name`, `icon`, `routes`, `key`, `target`, `hide_children_in_menu`, `hide_in_menu`, `locale`, `disabled`, `parent_keys`, `flat_menu`, `tooltip`, `app_type`, `permission`, `type`, `description`, `sort`, `del_flag`, `create_time`, `create_user`, `update_time`, `update_user`) VALUES (75, 3, '/api/sys/permission/treePermissions', NULL, 1, NULL, NULL, 'treePermissions', 0, '查询树形权限', NULL, NULL, '1065073959608909005', NULL, 0, 0, NULL, NULL, 'PermissionList', 0, NULL, 'MANAGER_BFF', 'user', 2, NULL, 0, b'0', NULL, NULL, '2023-09-18 13:19:25', '2');
INSERT INTO `sys_permission` (`id`, `parent_id`, `path`, `component`, `exact`, `redirect`, `wrappers`, `title`, `hash`, `name`, `icon`, `routes`, `key`, `target`, `hide_children_in_menu`, `hide_in_menu`, `locale`, `disabled`, `parent_keys`, `flat_menu`, `tooltip`, `app_type`, `permission`, `type`, `description`, `sort`, `del_flag`, `create_time`, `create_user`, `update_time`, `update_user`) VALUES (76, 3, '/api/sys/permission/save', NULL, 1, NULL, NULL, 'save', 0, '新增权限', NULL, NULL, '1065073959608909006', NULL, 0, 0, NULL, NULL, 'PermissionList', 0, NULL, 'MANAGER_BFF', 'add', 2, NULL, 0, b'0', NULL, NULL, '2023-09-18 13:19:30', '2');
INSERT INTO `sys_permission` (`id`, `parent_id`, `path`, `component`, `exact`, `redirect`, `wrappers`, `title`, `hash`, `name`, `icon`, `routes`, `key`, `target`, `hide_children_in_menu`, `hide_in_menu`, `locale`, `disabled`, `parent_keys`, `flat_menu`, `tooltip`, `app_type`, `permission`, `type`, `description`, `sort`, `del_flag`, `create_time`, `create_user`, `update_time`, `update_user`) VALUES (77, 3, '/api/system/command/refresh/gateway/cache', NULL, 1, NULL, NULL, 'refresh_gateway_cache', 0, '刷新网关缓存', NULL, NULL, '1065073959608909007', NULL, 0, 0, NULL, NULL, 'PermissionList', 0, NULL, 'MANAGER_BFF', 'admin', 2, NULL, 0, b'0', NULL, NULL, '2023-09-18 13:20:45', '2');
INSERT INTO `sys_permission` (`id`, `parent_id`, `path`, `component`, `exact`, `redirect`, `wrappers`, `title`, `hash`, `name`, `icon`, `routes`, `key`, `target`, `hide_children_in_menu`, `hide_in_menu`, `locale`, `disabled`, `parent_keys`, `flat_menu`, `tooltip`, `app_type`, `permission`, `type`, `description`, `sort`, `del_flag`, `create_time`, `create_user`, `update_time`, `update_user`) VALUES (78, 3, '/api/sys/permission/page', NULL, 1, NULL, NULL, 'page', 0, '列表', NULL, NULL, '1065312352527843328', NULL, 0, 0, NULL, NULL, 'PermissionList', 0, NULL, 'MANAGER_BFF', 'user', 2, '查询子权限', 0, b'0', '2023-01-18 16:50:57', '2', '2023-09-18 13:19:39', '2');
INSERT INTO `sys_permission` (`id`, `parent_id`, `path`, `component`, `exact`, `redirect`, `wrappers`, `title`, `hash`, `name`, `icon`, `routes`, `key`, `target`, `hide_children_in_menu`, `hide_in_menu`, `locale`, `disabled`, `parent_keys`, `flat_menu`, `tooltip`, `app_type`, `permission`, `type`, `description`, `sort`, `del_flag`, `create_time`, `create_user`, `update_time`, `update_user`) VALUES (79, 3, '/api/sys/permission/update', NULL, 1, NULL, NULL, 'update', 0, '更新权限', NULL, NULL, '1065323481371115520', NULL, 0, 0, NULL, NULL, 'PermissionList', 0, NULL, 'MANAGER_BFF', 'edit', 2, NULL, 0, b'0', '2023-01-18 17:35:11', '2', '2023-09-18 13:19:44', '2');
INSERT INTO `sys_permission` (`id`, `parent_id`, `path`, `component`, `exact`, `redirect`, `wrappers`, `title`, `hash`, `name`, `icon`, `routes`, `key`, `target`, `hide_children_in_menu`, `hide_in_menu`, `locale`, `disabled`, `parent_keys`, `flat_menu`, `tooltip`, `app_type`, `permission`, `type`, `description`, `sort`, `del_flag`, `create_time`, `create_user`, `update_time`, `update_user`) VALUES (80, 33, '/api/dictionary/page', NULL, 1, NULL, NULL, 'dictionary_page', 0, '列表', NULL, NULL, '1065334969578160128', NULL, 0, 0, NULL, NULL, '1023582684754083840', 0, NULL, 'MANAGER_BFF', 'query', 2, NULL, 0, b'0', '2023-01-18 18:20:50', '2', '2023-09-18 13:04:38', '2');
INSERT INTO `sys_permission` (`id`, `parent_id`, `path`, `component`, `exact`, `redirect`, `wrappers`, `title`, `hash`, `name`, `icon`, `routes`, `key`, `target`, `hide_children_in_menu`, `hide_in_menu`, `locale`, `disabled`, `parent_keys`, `flat_menu`, `tooltip`, `app_type`, `permission`, `type`, `description`, `sort`, `del_flag`, `create_time`, `create_user`, `update_time`, `update_user`) VALUES (81, 33, '/api/dictionary/details', NULL, 1, NULL, NULL, 'dictionary_details', 0, '详情', NULL, NULL, '1065335383077814272', NULL, 0, 0, NULL, NULL, '1023582684754083840', 0, NULL, 'MANAGER_BFF', 'get', 2, NULL, 0, b'0', '2023-01-18 18:22:28', '2', '2023-09-18 13:04:59', '2');
INSERT INTO `sys_permission` (`id`, `parent_id`, `path`, `component`, `exact`, `redirect`, `wrappers`, `title`, `hash`, `name`, `icon`, `routes`, `key`, `target`, `hide_children_in_menu`, `hide_in_menu`, `locale`, `disabled`, `parent_keys`, `flat_menu`, `tooltip`, `app_type`, `permission`, `type`, `description`, `sort`, `del_flag`, `create_time`, `create_user`, `update_time`, `update_user`) VALUES (82, 33, '/api/dictionary/save', NULL, 1, NULL, NULL, 'dictionary_save', 0, '新增字典', NULL, NULL, '1065335584492486656', NULL, 0, 0, NULL, NULL, '1023582684754083840', 0, NULL, 'MANAGER_BFF', 'add', 2, NULL, 0, b'0', '2023-01-18 18:23:16', '2', '2023-09-18 13:05:13', '2');
INSERT INTO `sys_permission` (`id`, `parent_id`, `path`, `component`, `exact`, `redirect`, `wrappers`, `title`, `hash`, `name`, `icon`, `routes`, `key`, `target`, `hide_children_in_menu`, `hide_in_menu`, `locale`, `disabled`, `parent_keys`, `flat_menu`, `tooltip`, `app_type`, `permission`, `type`, `description`, `sort`, `del_flag`, `create_time`, `create_user`, `update_time`, `update_user`) VALUES (83, 33, '/api/dictionary/update', NULL, 1, NULL, NULL, 'dictionary_update', 0, '更新字典', NULL, NULL, '1065335880069283840', NULL, 0, 0, NULL, NULL, '1023582684754083840', 0, NULL, 'MANAGER_BFF', 'edit', 2, NULL, 0, b'0', '2023-01-18 18:24:27', '2', '2023-09-18 13:05:55', '2');
INSERT INTO `sys_permission` (`id`, `parent_id`, `path`, `component`, `exact`, `redirect`, `wrappers`, `title`, `hash`, `name`, `icon`, `routes`, `key`, `target`, `hide_children_in_menu`, `hide_in_menu`, `locale`, `disabled`, `parent_keys`, `flat_menu`, `tooltip`, `app_type`, `permission`, `type`, `description`, `sort`, `del_flag`, `create_time`, `create_user`, `update_time`, `update_user`) VALUES (84, 6, '/api/sys/role/update', NULL, 1, NULL, NULL, 'update', 0, '更新角色', NULL, NULL, '1065336358341574656', NULL, 0, 0, NULL, NULL, 'RoleList', 0, NULL, 'MANAGER_BFF', 'edit', 2, NULL, 0, b'0', '2023-01-18 18:26:21', '2', '2023-09-18 13:22:03', '2');
INSERT INTO `sys_permission` (`id`, `parent_id`, `path`, `component`, `exact`, `redirect`, `wrappers`, `title`, `hash`, `name`, `icon`, `routes`, `key`, `target`, `hide_children_in_menu`, `hide_in_menu`, `locale`, `disabled`, `parent_keys`, `flat_menu`, `tooltip`, `app_type`, `permission`, `type`, `description`, `sort`, `del_flag`, `create_time`, `create_user`, `update_time`, `update_user`) VALUES (85, 6, '/api/sys/role/save', NULL, 1, NULL, NULL, 'save', 0, '新增角色', NULL, NULL, '1065336611220357120', NULL, 0, 0, NULL, NULL, 'RoleList', 0, NULL, 'MANAGER_BFF', 'add', 2, NULL, 0, b'0', '2023-01-18 18:27:21', '2', '2023-09-18 13:22:07', '2');
INSERT INTO `sys_permission` (`id`, `parent_id`, `path`, `component`, `exact`, `redirect`, `wrappers`, `title`, `hash`, `name`, `icon`, `routes`, `key`, `target`, `hide_children_in_menu`, `hide_in_menu`, `locale`, `disabled`, `parent_keys`, `flat_menu`, `tooltip`, `app_type`, `permission`, `type`, `description`, `sort`, `del_flag`, `create_time`, `create_user`, `update_time`, `update_user`) VALUES (86, 6, '/api/sys/role/deleteByIds', NULL, 1, NULL, NULL, 'deleteByIds', 0, '删除角色', NULL, NULL, '1065336870877134848', NULL, 0, 0, NULL, NULL, 'RoleList', 0, NULL, 'MANAGER_BFF', 'delete', 2, NULL, 0, b'0', '2023-01-18 18:28:23', '2', '2023-09-18 13:22:11', '2');
INSERT INTO `sys_permission` (`id`, `parent_id`, `path`, `component`, `exact`, `redirect`, `wrappers`, `title`, `hash`, `name`, `icon`, `routes`, `key`, `target`, `hide_children_in_menu`, `hide_in_menu`, `locale`, `disabled`, `parent_keys`, `flat_menu`, `tooltip`, `app_type`, `permission`, `type`, `description`, `sort`, `del_flag`, `create_time`, `create_user`, `update_time`, `update_user`) VALUES (87, 3, '/api/sys/permission/deleteByIds', NULL, 1, NULL, NULL, 'deleteByIds', 0, '删除权限', NULL, NULL, '1065337214755536896', NULL, 0, 0, NULL, NULL, 'PermissionList', 0, NULL, 'MANAGER_BFF', 'delete', 2, NULL, 0, b'0', '2023-01-18 18:29:45', '2', '2023-09-18 13:19:49', '2');
INSERT INTO `sys_permission` (`id`, `parent_id`, `path`, `component`, `exact`, `redirect`, `wrappers`, `title`, `hash`, `name`, `icon`, `routes`, `key`, `target`, `hide_children_in_menu`, `hide_in_menu`, `locale`, `disabled`, `parent_keys`, `flat_menu`, `tooltip`, `app_type`, `permission`, `type`, `description`, `sort`, `del_flag`, `create_time`, `create_user`, `update_time`, `update_user`) VALUES (88, 57, '/api/tools/page', NULL, 1, NULL, NULL, 'tools_page', 0, '查询工具列表', NULL, NULL, '1068209190377488384', NULL, 0, 0, NULL, NULL, '1048930417555668992', 0, NULL, 'MANAGER_BFF', 'query', 2, NULL, 0, b'0', '2023-01-26 16:41:57', '2', '2023-08-27 22:19:42', '2');
INSERT INTO `sys_permission` (`id`, `parent_id`, `path`, `component`, `exact`, `redirect`, `wrappers`, `title`, `hash`, `name`, `icon`, `routes`, `key`, `target`, `hide_children_in_menu`, `hide_in_menu`, `locale`, `disabled`, `parent_keys`, `flat_menu`, `tooltip`, `app_type`, `permission`, `type`, `description`, `sort`, `del_flag`, `create_time`, `create_user`, `update_time`, `update_user`) VALUES (89, 62, '/api/article/page', NULL, 1, NULL, NULL, 'page', 0, '查询文章列表', NULL, NULL, '1068209415762608128', NULL, 0, 0, NULL, NULL, '1059903793912741888', 0, NULL, 'MANAGER_BFF', 'query', 2, NULL, 0, b'0', '2023-01-26 16:42:51', '2', '2023-09-18 13:03:01', '2');
INSERT INTO `sys_permission` (`id`, `parent_id`, `path`, `component`, `exact`, `redirect`, `wrappers`, `title`, `hash`, `name`, `icon`, `routes`, `key`, `target`, `hide_children_in_menu`, `hide_in_menu`, `locale`, `disabled`, `parent_keys`, `flat_menu`, `tooltip`, `app_type`, `permission`, `type`, `description`, `sort`, `del_flag`, `create_time`, `create_user`, `update_time`, `update_user`) VALUES (90, 33, '/api/dictionary/deleteByIds', NULL, 1, NULL, NULL, 'dictionary_deleteByIds', 0, '删除字典', NULL, NULL, '1075906846558126080', NULL, 0, 0, NULL, NULL, '1023582684754083840', 0, NULL, 'MANAGER_BFF', 'delete', 2, NULL, 0, b'0', '2023-02-16 22:29:42', '2', '2023-07-26 13:26:06', '2');
INSERT INTO `sys_permission` (`id`, `parent_id`, `path`, `component`, `exact`, `redirect`, `wrappers`, `title`, `hash`, `name`, `icon`, `routes`, `key`, `target`, `hide_children_in_menu`, `hide_in_menu`, `locale`, `disabled`, `parent_keys`, `flat_menu`, `tooltip`, `app_type`, `permission`, `type`, `description`, `sort`, `del_flag`, `create_time`, `create_user`, `update_time`, `update_user`) VALUES (91, 57, '/api/tools/details', NULL, 1, NULL, NULL, 'tools_details', 0, '获取详情', NULL, NULL, '1075907756818563072', NULL, 0, 0, NULL, NULL, '1048930417555668992', 0, NULL, 'MANAGER_BFF', 'get', 2, NULL, 0, b'0', '2023-02-16 22:33:19', '2', '2023-08-27 22:20:13', '2');
INSERT INTO `sys_permission` (`id`, `parent_id`, `path`, `component`, `exact`, `redirect`, `wrappers`, `title`, `hash`, `name`, `icon`, `routes`, `key`, `target`, `hide_children_in_menu`, `hide_in_menu`, `locale`, `disabled`, `parent_keys`, `flat_menu`, `tooltip`, `app_type`, `permission`, `type`, `description`, `sort`, `del_flag`, `create_time`, `create_user`, `update_time`, `update_user`) VALUES (92, 57, '/api/tools/update', NULL, 1, NULL, NULL, 'tools_update', 0, '更新工具', NULL, NULL, '1075908016177545216', NULL, 0, 0, NULL, NULL, '1048930417555668992', 0, NULL, 'MANAGER_BFF', 'edit', 2, NULL, 0, b'0', '2023-02-16 22:34:20', '2', '2023-08-27 22:21:09', '2');
INSERT INTO `sys_permission` (`id`, `parent_id`, `path`, `component`, `exact`, `redirect`, `wrappers`, `title`, `hash`, `name`, `icon`, `routes`, `key`, `target`, `hide_children_in_menu`, `hide_in_menu`, `locale`, `disabled`, `parent_keys`, `flat_menu`, `tooltip`, `app_type`, `permission`, `type`, `description`, `sort`, `del_flag`, `create_time`, `create_user`, `update_time`, `update_user`) VALUES (93, 57, '/api/tools/save', NULL, 1, NULL, NULL, 'tools_save', 0, '新增工具', NULL, NULL, '1075908189402300416', NULL, 0, 0, NULL, NULL, '1048930417555668992', 0, NULL, 'MANAGER_BFF', 'add', 2, NULL, 0, b'0', '2023-02-16 22:35:02', '2', '2023-08-27 22:20:43', '2');
INSERT INTO `sys_permission` (`id`, `parent_id`, `path`, `component`, `exact`, `redirect`, `wrappers`, `title`, `hash`, `name`, `icon`, `routes`, `key`, `target`, `hide_children_in_menu`, `hide_in_menu`, `locale`, `disabled`, `parent_keys`, `flat_menu`, `tooltip`, `app_type`, `permission`, `type`, `description`, `sort`, `del_flag`, `create_time`, `create_user`, `update_time`, `update_user`) VALUES (94, 57, '/api/tools/deleteByIds', NULL, 1, NULL, NULL, 'tools_deleteByIds', 0, '删除工具', NULL, NULL, '1075908393614573568', NULL, 0, 0, NULL, NULL, '1048930417555668992', 0, NULL, 'MANAGER_BFF', 'delete', 2, NULL, 0, b'0', '2023-02-16 22:35:50', '2', '2023-09-18 23:50:03', '2');
INSERT INTO `sys_permission` (`id`, `parent_id`, `path`, `component`, `exact`, `redirect`, `wrappers`, `title`, `hash`, `name`, `icon`, `routes`, `key`, `target`, `hide_children_in_menu`, `hide_in_menu`, `locale`, `disabled`, `parent_keys`, `flat_menu`, `tooltip`, `app_type`, `permission`, `type`, `description`, `sort`, `del_flag`, `create_time`, `create_user`, `update_time`, `update_user`) VALUES (95, 62, '/api/article/details', NULL, 1, NULL, NULL, 'article_details', 0, '文章详细', NULL, NULL, '1075931124313751552', NULL, 0, 0, NULL, NULL, '1059903793912741888', 0, NULL, 'MANAGER_BFF', 'get', 2, NULL, 0, b'0', '2023-02-17 00:06:10', '2', '2023-07-26 13:23:51', '2');
INSERT INTO `sys_permission` (`id`, `parent_id`, `path`, `component`, `exact`, `redirect`, `wrappers`, `title`, `hash`, `name`, `icon`, `routes`, `key`, `target`, `hide_children_in_menu`, `hide_in_menu`, `locale`, `disabled`, `parent_keys`, `flat_menu`, `tooltip`, `app_type`, `permission`, `type`, `description`, `sort`, `del_flag`, `create_time`, `create_user`, `update_time`, `update_user`) VALUES (96, 62, '/api/article/content', NULL, 1, NULL, NULL, 'article_content', 0, '文章全部内容', NULL, NULL, '1075931363426828288', NULL, 0, 0, NULL, NULL, '1059903793912741888', 0, NULL, 'MANAGER_BFF', 'get', 2, NULL, 0, b'1', '2023-02-17 00:07:07', '2', '2023-09-18 04:53:53', '2');
INSERT INTO `sys_permission` (`id`, `parent_id`, `path`, `component`, `exact`, `redirect`, `wrappers`, `title`, `hash`, `name`, `icon`, `routes`, `key`, `target`, `hide_children_in_menu`, `hide_in_menu`, `locale`, `disabled`, `parent_keys`, `flat_menu`, `tooltip`, `app_type`, `permission`, `type`, `description`, `sort`, `del_flag`, `create_time`, `create_user`, `update_time`, `update_user`) VALUES (97, 62, '/api/article/update', NULL, 1, NULL, NULL, 'article_update', 0, '文章更新', NULL, NULL, '1075931500811255808', NULL, 0, 0, NULL, NULL, '1059903793912741888', 0, NULL, 'MANAGER_BFF', 'edit', 2, NULL, 0, b'0', '2023-02-17 00:07:40', '2', '2023-07-26 13:23:58', '2');
INSERT INTO `sys_permission` (`id`, `parent_id`, `path`, `component`, `exact`, `redirect`, `wrappers`, `title`, `hash`, `name`, `icon`, `routes`, `key`, `target`, `hide_children_in_menu`, `hide_in_menu`, `locale`, `disabled`, `parent_keys`, `flat_menu`, `tooltip`, `app_type`, `permission`, `type`, `description`, `sort`, `del_flag`, `create_time`, `create_user`, `update_time`, `update_user`) VALUES (98, 62, '/api/article/save', NULL, 1, NULL, NULL, 'article_save', 0, '文章新增', NULL, NULL, '1075931642176077824', NULL, 0, 0, NULL, NULL, '1059903793912741888', 0, NULL, 'MANAGER_BFF', 'add', 2, NULL, 0, b'0', '2023-02-17 00:08:13', '2', '2023-09-18 13:03:17', '2');
INSERT INTO `sys_permission` (`id`, `parent_id`, `path`, `component`, `exact`, `redirect`, `wrappers`, `title`, `hash`, `name`, `icon`, `routes`, `key`, `target`, `hide_children_in_menu`, `hide_in_menu`, `locale`, `disabled`, `parent_keys`, `flat_menu`, `tooltip`, `app_type`, `permission`, `type`, `description`, `sort`, `del_flag`, `create_time`, `create_user`, `update_time`, `update_user`) VALUES (99, 62, '/api/article/deleteByIds', NULL, 1, NULL, NULL, 'article_deleteByIds', 0, '删除文章', NULL, NULL, '1075931777505296384', NULL, 0, 0, NULL, NULL, '1059903793912741888', 0, NULL, 'MANAGER_BFF', 'delete', 2, NULL, 0, b'0', '2023-02-17 00:08:46', '2', '2023-07-26 13:24:05', '2');
INSERT INTO `sys_permission` (`id`, `parent_id`, `path`, `component`, `exact`, `redirect`, `wrappers`, `title`, `hash`, `name`, `icon`, `routes`, `key`, `target`, `hide_children_in_menu`, `hide_in_menu`, `locale`, `disabled`, `parent_keys`, `flat_menu`, `tooltip`, `app_type`, `permission`, `type`, `description`, `sort`, `del_flag`, `create_time`, `create_user`, `update_time`, `update_user`) VALUES (100, 64, '/api/friendly/link/page', NULL, 1, NULL, NULL, 'friendly_link_page', 0, '查询友情链接列表', NULL, NULL, '1079444649137012736', NULL, 0, 0, NULL, NULL, '1059905376759185408', 0, NULL, 'MANAGER_BFF', 'query', 2, '', 0, b'0', '2023-02-26 16:47:39', '2', '2024-01-14 23:23:47', '2');
INSERT INTO `sys_permission` (`id`, `parent_id`, `path`, `component`, `exact`, `redirect`, `wrappers`, `title`, `hash`, `name`, `icon`, `routes`, `key`, `target`, `hide_children_in_menu`, `hide_in_menu`, `locale`, `disabled`, `parent_keys`, `flat_menu`, `tooltip`, `app_type`, `permission`, `type`, `description`, `sort`, `del_flag`, `create_time`, `create_user`, `update_time`, `update_user`) VALUES (101, 64, '/api/friendly/link/details', NULL, 1, NULL, NULL, 'friendly_link_details', 0, '获取详情', NULL, NULL, '1079444992067502080', NULL, 0, 0, NULL, NULL, '1059905376759185408', 0, NULL, 'MANAGER_BFF', 'get', 2, NULL, 0, b'0', '2023-02-26 16:49:01', '2', '2023-09-18 13:07:21', '2');
INSERT INTO `sys_permission` (`id`, `parent_id`, `path`, `component`, `exact`, `redirect`, `wrappers`, `title`, `hash`, `name`, `icon`, `routes`, `key`, `target`, `hide_children_in_menu`, `hide_in_menu`, `locale`, `disabled`, `parent_keys`, `flat_menu`, `tooltip`, `app_type`, `permission`, `type`, `description`, `sort`, `del_flag`, `create_time`, `create_user`, `update_time`, `update_user`) VALUES (102, 64, '/api/friendly/link/update', NULL, 1, NULL, NULL, 'friendly_link_update', 0, '更新', NULL, NULL, '1079445214797627392', NULL, 0, 0, NULL, NULL, '1059905376759185408', 0, NULL, 'MANAGER_BFF', 'edit', 2, NULL, 0, b'0', '2023-02-26 16:49:54', '2', '2023-09-18 13:07:32', '2');
INSERT INTO `sys_permission` (`id`, `parent_id`, `path`, `component`, `exact`, `redirect`, `wrappers`, `title`, `hash`, `name`, `icon`, `routes`, `key`, `target`, `hide_children_in_menu`, `hide_in_menu`, `locale`, `disabled`, `parent_keys`, `flat_menu`, `tooltip`, `app_type`, `permission`, `type`, `description`, `sort`, `del_flag`, `create_time`, `create_user`, `update_time`, `update_user`) VALUES (103, 64, '/api/friendly/link/save', NULL, 1, NULL, NULL, 'friendly/link/save', 0, '新增', NULL, NULL, '1079445355776573440', NULL, 0, 0, NULL, NULL, '1059905376759185408', 0, NULL, 'MANAGER_BFF', 'add', 2, NULL, 0, b'0', '2023-02-26 16:50:28', '2', '2023-09-18 13:07:43', '2');
INSERT INTO `sys_permission` (`id`, `parent_id`, `path`, `component`, `exact`, `redirect`, `wrappers`, `title`, `hash`, `name`, `icon`, `routes`, `key`, `target`, `hide_children_in_menu`, `hide_in_menu`, `locale`, `disabled`, `parent_keys`, `flat_menu`, `tooltip`, `app_type`, `permission`, `type`, `description`, `sort`, `del_flag`, `create_time`, `create_user`, `update_time`, `update_user`) VALUES (104, 64, '/api/friendly/link/deleteByIds', NULL, 1, NULL, NULL, 'friendly_link_deleteByIds', 0, '删除', NULL, NULL, '1079445514249961472', NULL, 0, 0, NULL, NULL, '1059905376759185408', 0, NULL, 'MANAGER_BFF', 'delete', 2, NULL, 0, b'0', '2023-02-26 16:51:06', '2', '2023-07-26 13:24:25', '2');
INSERT INTO `sys_permission` (`id`, `parent_id`, `path`, `component`, `exact`, `redirect`, `wrappers`, `title`, `hash`, `name`, `icon`, `routes`, `key`, `target`, `hide_children_in_menu`, `hide_in_menu`, `locale`, `disabled`, `parent_keys`, `flat_menu`, `tooltip`, `app_type`, `permission`, `type`, `description`, `sort`, `del_flag`, `create_time`, `create_user`, `update_time`, `update_user`) VALUES (105, 61, '/open/friendly/link/queryById', NULL, 1, NULL, NULL, 'open_friendly_link_queryById', 0, '获取列表详情', NULL, NULL, '1079451628928630784', NULL, 0, 0, NULL, NULL, NULL, 0, NULL, 'CLIENT_BFF', 'user', 2, NULL, 0, b'0', '2023-02-26 17:15:24', '2', '2023-07-16 06:05:49', '2');
INSERT INTO `sys_permission` (`id`, `parent_id`, `path`, `component`, `exact`, `redirect`, `wrappers`, `title`, `hash`, `name`, `icon`, `routes`, `key`, `target`, `hide_children_in_menu`, `hide_in_menu`, `locale`, `disabled`, `parent_keys`, `flat_menu`, `tooltip`, `app_type`, `permission`, `type`, `description`, `sort`, `del_flag`, `create_time`, `create_user`, `update_time`, `update_user`) VALUES (106, 0, '/article', './Article', 1, '', NULL, '文章', 0, '文章', NULL, NULL, '1079538987993006080', NULL, 0, 0, NULL, NULL, '', 0, NULL, 'CLIENT_BFF', NULL, 0, NULL, 0, b'0', '2023-02-26 23:02:32', '2', '2023-08-29 19:53:45', '2');
INSERT INTO `sys_permission` (`id`, `parent_id`, `path`, `component`, `exact`, `redirect`, `wrappers`, `title`, `hash`, `name`, `icon`, `routes`, `key`, `target`, `hide_children_in_menu`, `hide_in_menu`, `locale`, `disabled`, `parent_keys`, `flat_menu`, `tooltip`, `app_type`, `permission`, `type`, `description`, `sort`, `del_flag`, `create_time`, `create_user`, `update_time`, `update_user`) VALUES (110, 3, '/api/system/command/refresh/sitemap', NULL, 1, NULL, NULL, 'refresh_sitemap', 0, '刷新网站地图', NULL, NULL, '1083764931184164864', NULL, 0, 0, NULL, NULL, 'PermissionList', 0, NULL, 'MANAGER_BFF', 'admin', 2, NULL, 0, b'0', '2023-03-10 14:54:55', '2', '2023-07-16 06:05:49', '2');
INSERT INTO `sys_permission` (`id`, `parent_id`, `path`, `component`, `exact`, `redirect`, `wrappers`, `title`, `hash`, `name`, `icon`, `routes`, `key`, `target`, `hide_children_in_menu`, `hide_in_menu`, `locale`, `disabled`, `parent_keys`, `flat_menu`, `tooltip`, `app_type`, `permission`, `type`, `description`, `sort`, `del_flag`, `create_time`, `create_user`, `update_time`, `update_user`) VALUES (111, 65, '/api/dingtalk/login/bound', NULL, 1, NULL, NULL, 'dingtalk_login_bound', 0, '第三方用户绑定', NULL, NULL, '1085258603834769408', NULL, 0, 0, NULL, NULL, '1063823998523146240', 0, NULL, 'MANAGER_BFF', 'anon', 2, '匿名用户，第三方用户绑定，不需要权限', 0, b'0', '2023-03-14 17:50:14', '2', '2023-07-26 13:25:05', '2');
INSERT INTO `sys_permission` (`id`, `parent_id`, `path`, `component`, `exact`, `redirect`, `wrappers`, `title`, `hash`, `name`, `icon`, `routes`, `key`, `target`, `hide_children_in_menu`, `hide_in_menu`, `locale`, `disabled`, `parent_keys`, `flat_menu`, `tooltip`, `app_type`, `permission`, `type`, `description`, `sort`, `del_flag`, `create_time`, `create_user`, `update_time`, `update_user`) VALUES (113, 3, '/api/sys/permission/details', NULL, 1, NULL, NULL, 'details', 0, '获取详情', NULL, NULL, '1085549066907156480', NULL, 0, 0, NULL, NULL, 'PermissionList', 0, NULL, 'MANAGER_BFF', 'get', 2, NULL, 0, b'0', '2023-03-15 13:04:26', '2', '2023-09-18 13:20:59', '2');
INSERT INTO `sys_permission` (`id`, `parent_id`, `path`, `component`, `exact`, `redirect`, `wrappers`, `title`, `hash`, `name`, `icon`, `routes`, `key`, `target`, `hide_children_in_menu`, `hide_in_menu`, `locale`, `disabled`, `parent_keys`, `flat_menu`, `tooltip`, `app_type`, `permission`, `type`, `description`, `sort`, `del_flag`, `create_time`, `create_user`, `update_time`, `update_user`) VALUES (115, 0, '/', '', 1, '/welcome', NULL, 'index', 0, '首页', NULL, NULL, '1085561782388523008', NULL, 1, 0, NULL, NULL, '', 0, NULL, 'MANAGER_BFF', NULL, 0, NULL, 0, b'0', '2023-03-15 13:54:58', '2', '2023-08-05 22:45:12', '2');
INSERT INTO `sys_permission` (`id`, `parent_id`, `path`, `component`, `exact`, `redirect`, `wrappers`, `title`, `hash`, `name`, `icon`, `routes`, `key`, `target`, `hide_children_in_menu`, `hide_in_menu`, `locale`, `disabled`, `parent_keys`, `flat_menu`, `tooltip`, `app_type`, `permission`, `type`, `description`, `sort`, `del_flag`, `create_time`, `create_user`, `update_time`, `update_user`) VALUES (132, 131, 'test111', 'test111', 1, 'test111', NULL, 'test111', 0, 'test111', NULL, NULL, '3', '_blank', 1, 1, NULL, NULL, NULL, 1, NULL, 'MANAGER_BFF', NULL, 1, 'test111333', 323, b'0', '2023-07-22 17:08:05', NULL, '2023-07-25 15:22:13', NULL);
INSERT INTO `sys_permission` (`id`, `parent_id`, `path`, `component`, `exact`, `redirect`, `wrappers`, `title`, `hash`, `name`, `icon`, `routes`, `key`, `target`, `hide_children_in_menu`, `hide_in_menu`, `locale`, `disabled`, `parent_keys`, `flat_menu`, `tooltip`, `app_type`, `permission`, `type`, `description`, `sort`, `del_flag`, `create_time`, `create_user`, `update_time`, `update_user`) VALUES (133, 2, '/system/manager/perm', NULL, 1, NULL, NULL, '后台管理系统', 0, '后台管理系统', NULL, NULL, '4', NULL, 0, 0, NULL, NULL, 'PermissionManager', 0, NULL, 'MANAGER_BFF', NULL, 1, NULL, 0, b'0', '2023-07-22 17:21:34', NULL, '2023-09-14 22:50:32', NULL);
INSERT INTO `sys_permission` (`id`, `parent_id`, `path`, `component`, `exact`, `redirect`, `wrappers`, `title`, `hash`, `name`, `icon`, `routes`, `key`, `target`, `hide_children_in_menu`, `hide_in_menu`, `locale`, `disabled`, `parent_keys`, `flat_menu`, `tooltip`, `app_type`, `permission`, `type`, `description`, `sort`, `del_flag`, `create_time`, `create_user`, `update_time`, `update_user`) VALUES (134, 2, '/system/client/perm', NULL, 1, NULL, NULL, '前台服务', 0, '前台服务', NULL, NULL, '5', NULL, 0, 0, NULL, NULL, 'PermissionManager', 0, NULL, 'MANAGER_BFF', NULL, 1, NULL, 1, b'0', '2023-07-22 17:22:19', NULL, '2023-09-14 22:50:27', NULL);
INSERT INTO `sys_permission` (`id`, `parent_id`, `path`, `component`, `exact`, `redirect`, `wrappers`, `title`, `hash`, `name`, `icon`, `routes`, `key`, `target`, `hide_children_in_menu`, `hide_in_menu`, `locale`, `disabled`, `parent_keys`, `flat_menu`, `tooltip`, `app_type`, `permission`, `type`, `description`, `sort`, `del_flag`, `create_time`, `create_user`, `update_time`, `update_user`) VALUES (135, 0, '1234', NULL, 1, '1234', NULL, '234', 0, 'test12', NULL, NULL, '6', NULL, 0, 0, NULL, NULL, NULL, 0, NULL, NULL, NULL, 0, '1234', 0, b'0', '2023-07-22 18:41:03', NULL, '2023-07-25 15:22:17', NULL);
INSERT INTO `sys_permission` (`id`, `parent_id`, `path`, `component`, `exact`, `redirect`, `wrappers`, `title`, `hash`, `name`, `icon`, `routes`, `key`, `target`, `hide_children_in_menu`, `hide_in_menu`, `locale`, `disabled`, `parent_keys`, `flat_menu`, `tooltip`, `app_type`, `permission`, `type`, `description`, `sort`, `del_flag`, `create_time`, `create_user`, `update_time`, `update_user`) VALUES (136, 134, '/system/client/permission', NULL, 1, 'system/permission', NULL, '权限列表', 0, '权限管理', NULL, NULL, '1134241798558973952', NULL, 0, 0, NULL, NULL, '5', 0, NULL, 'MANAGER_BFF', NULL, 1, NULL, 0, b'0', '2023-07-27 21:51:58', NULL, '2023-08-07 23:42:53', NULL);
INSERT INTO `sys_permission` (`id`, `parent_id`, `path`, `component`, `exact`, `redirect`, `wrappers`, `title`, `hash`, `name`, `icon`, `routes`, `key`, `target`, `hide_children_in_menu`, `hide_in_menu`, `locale`, `disabled`, `parent_keys`, `flat_menu`, `tooltip`, `app_type`, `permission`, `type`, `description`, `sort`, `del_flag`, `create_time`, `create_user`, `update_time`, `update_user`) VALUES (137, 134, '/system/client/role', 'system/RoleList', 1, '', NULL, '角色列表', 0, '角色管理', NULL, NULL, '1134242189476495360', NULL, 0, 0, NULL, NULL, '5', 0, NULL, 'MANAGER_BFF', NULL, 1, NULL, 0, b'0', '2023-07-27 21:53:31', NULL, '2023-08-07 23:24:14', NULL);
INSERT INTO `sys_permission` (`id`, `parent_id`, `path`, `component`, `exact`, `redirect`, `wrappers`, `title`, `hash`, `name`, `icon`, `routes`, `key`, `target`, `hide_children_in_menu`, `hide_in_menu`, `locale`, `disabled`, `parent_keys`, `flat_menu`, `tooltip`, `app_type`, `permission`, `type`, `description`, `sort`, `del_flag`, `create_time`, `create_user`, `update_time`, `update_user`) VALUES (139, 115, '/welcome', NULL, 1, NULL, NULL, '欢迎页', 0, '欢迎页', NULL, NULL, '1137516066025635840', NULL, 0, 0, NULL, NULL, '1085561782388523008', 1, NULL, 'MANAGER_BFF', NULL, 1, NULL, 0, b'0', '2023-08-05 22:42:44', NULL, NULL, NULL);
INSERT INTO `sys_permission` (`id`, `parent_id`, `path`, `component`, `exact`, `redirect`, `wrappers`, `title`, `hash`, `name`, `icon`, `routes`, `key`, `target`, `hide_children_in_menu`, `hide_in_menu`, `locale`, `disabled`, `parent_keys`, `flat_menu`, `tooltip`, `app_type`, `permission`, `type`, `description`, `sort`, `del_flag`, `create_time`, `create_user`, `update_time`, `update_user`) VALUES (140, 30, '/tag', NULL, 1, NULL, NULL, '标签管理', 0, '标签管理', NULL, NULL, '1149084002754363392', NULL, 0, 0, NULL, NULL, '1023581550027079680', 0, NULL, 'MANAGER_BFF', NULL, 1, NULL, 0, b'0', '2023-09-06 20:49:35', NULL, '2023-09-06 20:49:35', NULL);
INSERT INTO `sys_permission` (`id`, `parent_id`, `path`, `component`, `exact`, `redirect`, `wrappers`, `title`, `hash`, `name`, `icon`, `routes`, `key`, `target`, `hide_children_in_menu`, `hide_in_menu`, `locale`, `disabled`, `parent_keys`, `flat_menu`, `tooltip`, `app_type`, `permission`, `type`, `description`, `sort`, `del_flag`, `create_time`, `create_user`, `update_time`, `update_user`) VALUES (141, 45, '/system/third/account', NULL, 1, NULL, NULL, '第三方账号', 0, '第三方账号', NULL, NULL, '1151993468755771392', NULL, 0, 0, NULL, NULL, '1032751386690977792', 0, NULL, 'MANAGER_BFF', NULL, 1, NULL, 3, b'0', '2023-09-14 21:30:46', NULL, '2023-09-14 21:53:25', NULL);
INSERT INTO `sys_permission` (`id`, `parent_id`, `path`, `component`, `exact`, `redirect`, `wrappers`, `title`, `hash`, `name`, `icon`, `routes`, `key`, `target`, `hide_children_in_menu`, `hide_in_menu`, `locale`, `disabled`, `parent_keys`, `flat_menu`, `tooltip`, `app_type`, `permission`, `type`, `description`, `sort`, `del_flag`, `create_time`, `create_user`, `update_time`, `update_user`) VALUES (142, 63, '/api/article/category/save', NULL, 1, NULL, NULL, 'save', 0, '新增分类', NULL, NULL, '1153308787642335232', NULL, 0, 0, NULL, NULL, '1059903933830529024', 0, NULL, 'MANAGER_BFF', 'add', 2, NULL, 0, b'0', '2023-09-18 12:37:22', NULL, '2023-09-18 13:02:07', NULL);
INSERT INTO `sys_permission` (`id`, `parent_id`, `path`, `component`, `exact`, `redirect`, `wrappers`, `title`, `hash`, `name`, `icon`, `routes`, `key`, `target`, `hide_children_in_menu`, `hide_in_menu`, `locale`, `disabled`, `parent_keys`, `flat_menu`, `tooltip`, `app_type`, `permission`, `type`, `description`, `sort`, `del_flag`, `create_time`, `create_user`, `update_time`, `update_user`) VALUES (143, 63, '/api/article/category/update', NULL, 1, NULL, NULL, 'update', 0, '修改分类', NULL, NULL, '1153308893041000448', NULL, 0, 0, NULL, NULL, '1059903933830529024', 0, NULL, 'MANAGER_BFF', 'edit', 2, NULL, 0, b'0', '2023-09-18 12:37:48', NULL, '2023-09-18 13:02:14', NULL);
INSERT INTO `sys_permission` (`id`, `parent_id`, `path`, `component`, `exact`, `redirect`, `wrappers`, `title`, `hash`, `name`, `icon`, `routes`, `key`, `target`, `hide_children_in_menu`, `hide_in_menu`, `locale`, `disabled`, `parent_keys`, `flat_menu`, `tooltip`, `app_type`, `permission`, `type`, `description`, `sort`, `del_flag`, `create_time`, `create_user`, `update_time`, `update_user`) VALUES (144, 63, '/api/article/category/saveBatch', NULL, 1, NULL, NULL, 'saveBatch', 0, '批量保存', NULL, NULL, '1153309160398520320', NULL, 0, 0, NULL, NULL, '1059903933830529024', 0, NULL, 'MANAGER_BFF', 'add', 2, NULL, 0, b'0', '2023-09-18 12:38:51', NULL, '2023-09-18 13:02:20', NULL);
INSERT INTO `sys_permission` (`id`, `parent_id`, `path`, `component`, `exact`, `redirect`, `wrappers`, `title`, `hash`, `name`, `icon`, `routes`, `key`, `target`, `hide_children_in_menu`, `hide_in_menu`, `locale`, `disabled`, `parent_keys`, `flat_menu`, `tooltip`, `app_type`, `permission`, `type`, `description`, `sort`, `del_flag`, `create_time`, `create_user`, `update_time`, `update_user`) VALUES (145, 63, '/api/article/category/deleteByIds', NULL, 1, NULL, NULL, 'deleteByIds', 0, '删除', NULL, NULL, '1153309268863221760', NULL, 0, 0, NULL, NULL, '1059903933830529024', 0, NULL, 'MANAGER_BFF', 'delete', 2, NULL, 0, b'0', '2023-09-18 12:39:17', NULL, '2023-09-18 13:02:26', NULL);
INSERT INTO `sys_permission` (`id`, `parent_id`, `path`, `component`, `exact`, `redirect`, `wrappers`, `title`, `hash`, `name`, `icon`, `routes`, `key`, `target`, `hide_children_in_menu`, `hide_in_menu`, `locale`, `disabled`, `parent_keys`, `flat_menu`, `tooltip`, `app_type`, `permission`, `type`, `description`, `sort`, `del_flag`, `create_time`, `create_user`, `update_time`, `update_user`) VALUES (146, 63, '/api/article/category/page', NULL, 1, NULL, NULL, 'page', 0, '列表', NULL, NULL, '1153309438317297664', NULL, 0, 0, NULL, NULL, '1059903933830529024', 0, NULL, 'MANAGER_BFF', 'query', 2, NULL, 0, b'0', '2023-09-18 12:39:58', NULL, '2023-09-18 13:01:54', NULL);
INSERT INTO `sys_permission` (`id`, `parent_id`, `path`, `component`, `exact`, `redirect`, `wrappers`, `title`, `hash`, `name`, `icon`, `routes`, `key`, `target`, `hide_children_in_menu`, `hide_in_menu`, `locale`, `disabled`, `parent_keys`, `flat_menu`, `tooltip`, `app_type`, `permission`, `type`, `description`, `sort`, `del_flag`, `create_time`, `create_user`, `update_time`, `update_user`) VALUES (147, 63, '/api/article/category/details', NULL, 1, NULL, NULL, 'details', 0, '详情', NULL, NULL, '1153309549835452416', NULL, 0, 0, NULL, NULL, '1059903933830529024', 0, NULL, 'MANAGER_BFF', 'get', 2, NULL, 0, b'0', '2023-09-18 12:40:24', NULL, '2023-09-18 13:02:34', NULL);
INSERT INTO `sys_permission` (`id`, `parent_id`, `path`, `component`, `exact`, `redirect`, `wrappers`, `title`, `hash`, `name`, `icon`, `routes`, `key`, `target`, `hide_children_in_menu`, `hide_in_menu`, `locale`, `disabled`, `parent_keys`, `flat_menu`, `tooltip`, `app_type`, `permission`, `type`, `description`, `sort`, `del_flag`, `create_time`, `create_user`, `update_time`, `update_user`) VALUES (148, 140, '/api/article/tag/page', NULL, 1, NULL, NULL, 'page', 0, '查询列表', NULL, NULL, '1153311170946531328', NULL, 0, 0, NULL, NULL, '1149084002754363392', 0, NULL, 'MANAGER_BFF', 'query', 2, NULL, 0, b'0', '2023-09-18 12:46:51', NULL, '2023-09-18 13:03:44', NULL);
INSERT INTO `sys_permission` (`id`, `parent_id`, `path`, `component`, `exact`, `redirect`, `wrappers`, `title`, `hash`, `name`, `icon`, `routes`, `key`, `target`, `hide_children_in_menu`, `hide_in_menu`, `locale`, `disabled`, `parent_keys`, `flat_menu`, `tooltip`, `app_type`, `permission`, `type`, `description`, `sort`, `del_flag`, `create_time`, `create_user`, `update_time`, `update_user`) VALUES (149, 140, '/api/article/tag/details', NULL, 1, NULL, NULL, '详情', 0, '详情', NULL, NULL, '1153311343378563072', NULL, 0, 0, NULL, NULL, '1149084002754363392', 0, NULL, 'MANAGER_BFF', 'get', 2, NULL, 0, b'0', '2023-09-18 12:47:32', NULL, '2023-09-18 12:47:32', NULL);
INSERT INTO `sys_permission` (`id`, `parent_id`, `path`, `component`, `exact`, `redirect`, `wrappers`, `title`, `hash`, `name`, `icon`, `routes`, `key`, `target`, `hide_children_in_menu`, `hide_in_menu`, `locale`, `disabled`, `parent_keys`, `flat_menu`, `tooltip`, `app_type`, `permission`, `type`, `description`, `sort`, `del_flag`, `create_time`, `create_user`, `update_time`, `update_user`) VALUES (150, 140, '/api/article/tag/update', NULL, 1, NULL, NULL, '修改', 0, '修改', NULL, NULL, '1153311484600778752', NULL, 0, 0, NULL, NULL, '1149084002754363392', 0, NULL, 'MANAGER_BFF', 'edit', 2, NULL, 0, b'0', '2023-09-18 12:48:05', NULL, '2023-09-18 12:48:05', NULL);
INSERT INTO `sys_permission` (`id`, `parent_id`, `path`, `component`, `exact`, `redirect`, `wrappers`, `title`, `hash`, `name`, `icon`, `routes`, `key`, `target`, `hide_children_in_menu`, `hide_in_menu`, `locale`, `disabled`, `parent_keys`, `flat_menu`, `tooltip`, `app_type`, `permission`, `type`, `description`, `sort`, `del_flag`, `create_time`, `create_user`, `update_time`, `update_user`) VALUES (151, 140, '/api/article/tag/save', NULL, 1, NULL, NULL, '新增', 0, '新增', NULL, NULL, '1153311580017000448', NULL, 0, 0, NULL, NULL, '1149084002754363392', 0, NULL, 'MANAGER_BFF', 'add', 2, NULL, 0, b'0', '2023-09-18 12:48:28', NULL, '2023-09-18 12:48:28', NULL);
INSERT INTO `sys_permission` (`id`, `parent_id`, `path`, `component`, `exact`, `redirect`, `wrappers`, `title`, `hash`, `name`, `icon`, `routes`, `key`, `target`, `hide_children_in_menu`, `hide_in_menu`, `locale`, `disabled`, `parent_keys`, `flat_menu`, `tooltip`, `app_type`, `permission`, `type`, `description`, `sort`, `del_flag`, `create_time`, `create_user`, `update_time`, `update_user`) VALUES (152, 140, '/api/article/tag/saveBatch', NULL, 1, NULL, NULL, '批量新增', 0, '批量新增', NULL, NULL, '1153311710438883328', NULL, 0, 0, NULL, NULL, '1149084002754363392', 0, NULL, 'MANAGER_BFF', 'add', 2, NULL, 0, b'0', '2023-09-18 12:48:59', NULL, '2023-09-18 12:48:59', NULL);
INSERT INTO `sys_permission` (`id`, `parent_id`, `path`, `component`, `exact`, `redirect`, `wrappers`, `title`, `hash`, `name`, `icon`, `routes`, `key`, `target`, `hide_children_in_menu`, `hide_in_menu`, `locale`, `disabled`, `parent_keys`, `flat_menu`, `tooltip`, `app_type`, `permission`, `type`, `description`, `sort`, `del_flag`, `create_time`, `create_user`, `update_time`, `update_user`) VALUES (153, 140, '/api/article/tag/deleteByIds', NULL, 1, NULL, NULL, '删除', 0, '删除', NULL, NULL, '1153311823043362816', NULL, 0, 0, NULL, NULL, '1149084002754363392', 0, NULL, 'MANAGER_BFF', 'delete', 2, NULL, 0, b'0', '2023-09-18 12:49:26', NULL, '2023-09-18 12:49:26', NULL);
INSERT INTO `sys_permission` (`id`, `parent_id`, `path`, `component`, `exact`, `redirect`, `wrappers`, `title`, `hash`, `name`, `icon`, `routes`, `key`, `target`, `hide_children_in_menu`, `hide_in_menu`, `locale`, `disabled`, `parent_keys`, `flat_menu`, `tooltip`, `app_type`, `permission`, `type`, `description`, `sort`, `del_flag`, `create_time`, `create_user`, `update_time`, `update_user`) VALUES (154, 62, '/api/article/saveBatch', NULL, 1, NULL, NULL, 'saveBatch', 0, '批量新增', NULL, NULL, '1153313109469954048', NULL, 0, 0, NULL, NULL, '1059903793912741888', 0, NULL, 'MANAGER_BFF', 'add', 2, NULL, 0, b'0', '2023-09-18 12:54:33', NULL, '2023-09-18 13:03:29', NULL);
INSERT INTO `sys_permission` (`id`, `parent_id`, `path`, `component`, `exact`, `redirect`, `wrappers`, `title`, `hash`, `name`, `icon`, `routes`, `key`, `target`, `hide_children_in_menu`, `hide_in_menu`, `locale`, `disabled`, `parent_keys`, `flat_menu`, `tooltip`, `app_type`, `permission`, `type`, `description`, `sort`, `del_flag`, `create_time`, `create_user`, `update_time`, `update_user`) VALUES (155, 32, '/base/config', NULL, 1, NULL, NULL, '系统通用配置', 0, '系统通用配置', NULL, NULL, '1153313552312958976', NULL, 0, 0, NULL, NULL, '1023582514612142080', 0, NULL, 'MANAGER_BFF', NULL, 1, NULL, 0, b'0', '2023-09-18 12:56:18', NULL, '2023-09-18 12:56:18', NULL);
INSERT INTO `sys_permission` (`id`, `parent_id`, `path`, `component`, `exact`, `redirect`, `wrappers`, `title`, `hash`, `name`, `icon`, `routes`, `key`, `target`, `hide_children_in_menu`, `hide_in_menu`, `locale`, `disabled`, `parent_keys`, `flat_menu`, `tooltip`, `app_type`, `permission`, `type`, `description`, `sort`, `del_flag`, `create_time`, `create_user`, `update_time`, `update_user`) VALUES (156, 155, '/api/base/config/page', NULL, 1, NULL, NULL, '列表', 0, '列表', NULL, NULL, '1153313675881349120', NULL, 0, 0, NULL, NULL, '1153313552312958976', 0, NULL, 'MANAGER_BFF', 'query', 2, NULL, 0, b'0', '2023-09-18 12:56:48', NULL, '2023-09-18 12:56:48', NULL);
INSERT INTO `sys_permission` (`id`, `parent_id`, `path`, `component`, `exact`, `redirect`, `wrappers`, `title`, `hash`, `name`, `icon`, `routes`, `key`, `target`, `hide_children_in_menu`, `hide_in_menu`, `locale`, `disabled`, `parent_keys`, `flat_menu`, `tooltip`, `app_type`, `permission`, `type`, `description`, `sort`, `del_flag`, `create_time`, `create_user`, `update_time`, `update_user`) VALUES (157, 155, '/api/base/config/details', NULL, 1, NULL, NULL, '详情', 0, '详情', NULL, NULL, '1153313780738949120', NULL, 0, 0, NULL, NULL, '1153313552312958976', 0, NULL, 'MANAGER_BFF', 'get', 2, NULL, 0, b'0', '2023-09-18 12:57:13', NULL, '2023-09-18 12:57:13', NULL);
INSERT INTO `sys_permission` (`id`, `parent_id`, `path`, `component`, `exact`, `redirect`, `wrappers`, `title`, `hash`, `name`, `icon`, `routes`, `key`, `target`, `hide_children_in_menu`, `hide_in_menu`, `locale`, `disabled`, `parent_keys`, `flat_menu`, `tooltip`, `app_type`, `permission`, `type`, `description`, `sort`, `del_flag`, `create_time`, `create_user`, `update_time`, `update_user`) VALUES (158, 155, '/api/base/config/save', NULL, 1, NULL, NULL, '新增', 0, '新增', NULL, NULL, '1153313858102886400', NULL, 0, 0, NULL, NULL, '1153313552312958976', 0, NULL, 'MANAGER_BFF', 'add', 2, NULL, 0, b'0', '2023-09-18 12:57:31', NULL, '2023-09-18 12:57:31', NULL);
INSERT INTO `sys_permission` (`id`, `parent_id`, `path`, `component`, `exact`, `redirect`, `wrappers`, `title`, `hash`, `name`, `icon`, `routes`, `key`, `target`, `hide_children_in_menu`, `hide_in_menu`, `locale`, `disabled`, `parent_keys`, `flat_menu`, `tooltip`, `app_type`, `permission`, `type`, `description`, `sort`, `del_flag`, `create_time`, `create_user`, `update_time`, `update_user`) VALUES (159, 155, '/api/base/config/saveBatch', NULL, 1, NULL, NULL, '批量新增', 0, '批量新增', NULL, NULL, '1153313943003987968', NULL, 0, 0, NULL, NULL, '1153313552312958976', 0, NULL, 'MANAGER_BFF', 'add', 2, NULL, 0, b'0', '2023-09-18 12:57:52', NULL, '2023-09-18 12:57:52', NULL);
INSERT INTO `sys_permission` (`id`, `parent_id`, `path`, `component`, `exact`, `redirect`, `wrappers`, `title`, `hash`, `name`, `icon`, `routes`, `key`, `target`, `hide_children_in_menu`, `hide_in_menu`, `locale`, `disabled`, `parent_keys`, `flat_menu`, `tooltip`, `app_type`, `permission`, `type`, `description`, `sort`, `del_flag`, `create_time`, `create_user`, `update_time`, `update_user`) VALUES (160, 155, '/api/base/config/deleteByIds', NULL, 1, NULL, NULL, '删除', 0, '删除', NULL, NULL, '1153314018895724544', NULL, 0, 0, NULL, NULL, '1153313552312958976', 0, NULL, 'MANAGER_BFF', 'delete', 2, NULL, 0, b'0', '2023-09-18 12:58:10', NULL, '2023-09-18 12:58:10', NULL);
INSERT INTO `sys_permission` (`id`, `parent_id`, `path`, `component`, `exact`, `redirect`, `wrappers`, `title`, `hash`, `name`, `icon`, `routes`, `key`, `target`, `hide_children_in_menu`, `hide_in_menu`, `locale`, `disabled`, `parent_keys`, `flat_menu`, `tooltip`, `app_type`, `permission`, `type`, `description`, `sort`, `del_flag`, `create_time`, `create_user`, `update_time`, `update_user`) VALUES (161, 155, '/api/base/config/update', NULL, 1, NULL, NULL, '修改', 0, '修改', NULL, NULL, '1153314185220849664', NULL, 0, 0, NULL, NULL, '1153313552312958976', 0, NULL, 'MANAGER_BFF', 'edit', 2, NULL, 0, b'0', '2023-09-18 12:58:49', NULL, '2023-09-18 12:58:49', NULL);
INSERT INTO `sys_permission` (`id`, `parent_id`, `path`, `component`, `exact`, `redirect`, `wrappers`, `title`, `hash`, `name`, `icon`, `routes`, `key`, `target`, `hide_children_in_menu`, `hide_in_menu`, `locale`, `disabled`, `parent_keys`, `flat_menu`, `tooltip`, `app_type`, `permission`, `type`, `description`, `sort`, `del_flag`, `create_time`, `create_user`, `update_time`, `update_user`) VALUES (162, 33, '/api/dictionary/saveBatch', NULL, 1, NULL, NULL, 'saveBatch', 0, '批量新增', NULL, NULL, '1153315920240836608', NULL, 0, 0, NULL, NULL, '1023582684754083840', 0, NULL, 'MANAGER_BFF', 'add', 2, NULL, 0, b'0', '2023-09-18 13:05:43', NULL, '2023-09-18 13:05:43', NULL);
INSERT INTO `sys_permission` (`id`, `parent_id`, `path`, `component`, `exact`, `redirect`, `wrappers`, `title`, `hash`, `name`, `icon`, `routes`, `key`, `target`, `hide_children_in_menu`, `hide_in_menu`, `locale`, `disabled`, `parent_keys`, `flat_menu`, `tooltip`, `app_type`, `permission`, `type`, `description`, `sort`, `del_flag`, `create_time`, `create_user`, `update_time`, `update_user`) VALUES (163, 64, '/api/friendly/link/saveBatch', NULL, 1, NULL, NULL, 'saveBatch', 0, '批量新增', NULL, NULL, '1153316573763731456', NULL, 0, 0, NULL, NULL, '1059905376759185408', 0, NULL, 'MANAGER_BFF', 'add', 2, NULL, 0, b'0', '2023-09-18 13:08:19', NULL, '2023-09-18 13:08:19', NULL);
INSERT INTO `sys_permission` (`id`, `parent_id`, `path`, `component`, `exact`, `redirect`, `wrappers`, `title`, `hash`, `name`, `icon`, `routes`, `key`, `target`, `hide_children_in_menu`, `hide_in_menu`, `locale`, `disabled`, `parent_keys`, `flat_menu`, `tooltip`, `app_type`, `permission`, `type`, `description`, `sort`, `del_flag`, `create_time`, `create_user`, `update_time`, `update_user`) VALUES (164, 57, '/api/tools/saveBatch', NULL, 1, NULL, NULL, 'saveBatch', 0, '批量新增', NULL, NULL, '1153316838818578432', NULL, 0, 0, NULL, NULL, '1048930417555668992', 0, NULL, 'MANAGER_BFF', 'add', 2, NULL, 0, b'0', '2023-09-18 13:09:22', NULL, '2023-09-18 13:09:22', NULL);
INSERT INTO `sys_permission` (`id`, `parent_id`, `path`, `component`, `exact`, `redirect`, `wrappers`, `title`, `hash`, `name`, `icon`, `routes`, `key`, `target`, `hide_children_in_menu`, `hide_in_menu`, `locale`, `disabled`, `parent_keys`, `flat_menu`, `tooltip`, `app_type`, `permission`, `type`, `description`, `sort`, `del_flag`, `create_time`, `create_user`, `update_time`, `update_user`) VALUES (165, 3, '/api/sys/permission/saveBatch', NULL, 1, NULL, NULL, 'saveBatch', 0, '批量新增', NULL, NULL, '1153317903651700736', NULL, 0, 0, NULL, NULL, 'PermissionList', 0, NULL, 'MANAGER_BFF', 'add', 2, NULL, 0, b'0', '2023-09-18 13:13:36', NULL, '2023-09-18 13:21:11', NULL);
INSERT INTO `sys_permission` (`id`, `parent_id`, `path`, `component`, `exact`, `redirect`, `wrappers`, `title`, `hash`, `name`, `icon`, `routes`, `key`, `target`, `hide_children_in_menu`, `hide_in_menu`, `locale`, `disabled`, `parent_keys`, `flat_menu`, `tooltip`, `app_type`, `permission`, `type`, `description`, `sort`, `del_flag`, `create_time`, `create_user`, `update_time`, `update_user`) VALUES (166, 3, '/api/sys/permission/subsetPermissions', NULL, 1, NULL, NULL, 'subsetPermissions', 0, '子权限查询', NULL, NULL, '1153318208187531264', NULL, 0, 0, NULL, NULL, 'PermissionList', 0, NULL, 'MANAGER_BFF', 'user', 2, NULL, 0, b'0', '2023-09-18 13:14:48', NULL, '2023-09-18 13:21:16', NULL);
INSERT INTO `sys_permission` (`id`, `parent_id`, `path`, `component`, `exact`, `redirect`, `wrappers`, `title`, `hash`, `name`, `icon`, `routes`, `key`, `target`, `hide_children_in_menu`, `hide_in_menu`, `locale`, `disabled`, `parent_keys`, `flat_menu`, `tooltip`, `app_type`, `permission`, `type`, `description`, `sort`, `del_flag`, `create_time`, `create_user`, `update_time`, `update_user`) VALUES (167, 6, '/api/sys/role/details', NULL, 1, NULL, NULL, 'details', 0, '详情', NULL, NULL, '1153318697499230208', NULL, 0, 0, NULL, NULL, 'RoleList', 0, NULL, 'MANAGER_BFF', 'get', 2, NULL, 0, b'0', '2023-09-18 13:16:45', NULL, '2023-09-18 13:22:16', NULL);
INSERT INTO `sys_permission` (`id`, `parent_id`, `path`, `component`, `exact`, `redirect`, `wrappers`, `title`, `hash`, `name`, `icon`, `routes`, `key`, `target`, `hide_children_in_menu`, `hide_in_menu`, `locale`, `disabled`, `parent_keys`, `flat_menu`, `tooltip`, `app_type`, `permission`, `type`, `description`, `sort`, `del_flag`, `create_time`, `create_user`, `update_time`, `update_user`) VALUES (168, 6, '/api/sys/role/saveBatch', NULL, 1, NULL, NULL, 'saveBatch', 0, '批量新增', NULL, NULL, '1153318950264766464', NULL, 0, 0, NULL, NULL, 'RoleList', 0, NULL, 'MANAGER_BFF', 'add', 2, NULL, 0, b'0', '2023-09-18 13:17:45', NULL, '2023-09-18 13:22:20', NULL);
INSERT INTO `sys_permission` (`id`, `parent_id`, `path`, `component`, `exact`, `redirect`, `wrappers`, `title`, `hash`, `name`, `icon`, `routes`, `key`, `target`, `hide_children_in_menu`, `hide_in_menu`, `locale`, `disabled`, `parent_keys`, `flat_menu`, `tooltip`, `app_type`, `permission`, `type`, `description`, `sort`, `del_flag`, `create_time`, `create_user`, `update_time`, `update_user`) VALUES (169, 65, '/api/sys/user/account/page', NULL, 1, NULL, NULL, 'page', 0, '列表', NULL, NULL, '1153320831984730112', NULL, 0, 0, NULL, NULL, '1063823998523146240', 0, NULL, 'MANAGER_BFF', 'query', 2, NULL, 0, b'0', '2023-09-18 13:25:14', NULL, '2023-09-18 13:25:14', NULL);
INSERT INTO `sys_permission` (`id`, `parent_id`, `path`, `component`, `exact`, `redirect`, `wrappers`, `title`, `hash`, `name`, `icon`, `routes`, `key`, `target`, `hide_children_in_menu`, `hide_in_menu`, `locale`, `disabled`, `parent_keys`, `flat_menu`, `tooltip`, `app_type`, `permission`, `type`, `description`, `sort`, `del_flag`, `create_time`, `create_user`, `update_time`, `update_user`) VALUES (170, 65, '/api/sys/user/account/details', NULL, 1, NULL, NULL, 'details', 0, '详情', NULL, NULL, '1153320920610373632', NULL, 0, 0, NULL, NULL, '1063823998523146240', 0, NULL, 'MANAGER_BFF', 'get', 2, NULL, 0, b'0', '2023-09-18 13:25:35', NULL, '2023-09-18 13:25:35', NULL);
INSERT INTO `sys_permission` (`id`, `parent_id`, `path`, `component`, `exact`, `redirect`, `wrappers`, `title`, `hash`, `name`, `icon`, `routes`, `key`, `target`, `hide_children_in_menu`, `hide_in_menu`, `locale`, `disabled`, `parent_keys`, `flat_menu`, `tooltip`, `app_type`, `permission`, `type`, `description`, `sort`, `del_flag`, `create_time`, `create_user`, `update_time`, `update_user`) VALUES (171, 65, '/api/sys/user/account/update', NULL, 1, NULL, NULL, 'update', 0, '修改', NULL, NULL, '1153321018442514432', NULL, 0, 0, NULL, NULL, '1063823998523146240', 0, NULL, 'MANAGER_BFF', 'edit', 2, NULL, 0, b'0', '2023-09-18 13:25:58', NULL, '2023-09-18 13:25:58', NULL);
INSERT INTO `sys_permission` (`id`, `parent_id`, `path`, `component`, `exact`, `redirect`, `wrappers`, `title`, `hash`, `name`, `icon`, `routes`, `key`, `target`, `hide_children_in_menu`, `hide_in_menu`, `locale`, `disabled`, `parent_keys`, `flat_menu`, `tooltip`, `app_type`, `permission`, `type`, `description`, `sort`, `del_flag`, `create_time`, `create_user`, `update_time`, `update_user`) VALUES (172, 65, '/api/sys/user/account/save', NULL, 1, NULL, NULL, 'save', 0, '新增', NULL, NULL, '1153321120104054784', NULL, 0, 0, NULL, NULL, '1063823998523146240', 0, NULL, 'MANAGER_BFF', 'add', 2, NULL, 0, b'0', '2023-09-18 13:26:23', NULL, '2023-09-18 13:26:23', NULL);
INSERT INTO `sys_permission` (`id`, `parent_id`, `path`, `component`, `exact`, `redirect`, `wrappers`, `title`, `hash`, `name`, `icon`, `routes`, `key`, `target`, `hide_children_in_menu`, `hide_in_menu`, `locale`, `disabled`, `parent_keys`, `flat_menu`, `tooltip`, `app_type`, `permission`, `type`, `description`, `sort`, `del_flag`, `create_time`, `create_user`, `update_time`, `update_user`) VALUES (173, 65, '/api/sys/user/account/saveBatch', NULL, 1, NULL, NULL, 'saveBatch', 0, '批量新增', NULL, NULL, '1153321200563388416', NULL, 0, 0, NULL, NULL, '1063823998523146240', 0, NULL, 'MANAGER_BFF', 'add', 2, NULL, 0, b'0', '2023-09-18 13:26:42', NULL, '2023-09-18 13:26:42', NULL);
INSERT INTO `sys_permission` (`id`, `parent_id`, `path`, `component`, `exact`, `redirect`, `wrappers`, `title`, `hash`, `name`, `icon`, `routes`, `key`, `target`, `hide_children_in_menu`, `hide_in_menu`, `locale`, `disabled`, `parent_keys`, `flat_menu`, `tooltip`, `app_type`, `permission`, `type`, `description`, `sort`, `del_flag`, `create_time`, `create_user`, `update_time`, `update_user`) VALUES (174, 65, '/api/sys/user/account/deleteByIds', NULL, 1, NULL, NULL, 'deleteByIds', 0, '删除', NULL, NULL, '1153321278334173184', NULL, 0, 0, NULL, NULL, '1063823998523146240', 0, NULL, 'MANAGER_BFF', 'delete', 2, NULL, 0, b'0', '2023-09-18 13:27:00', NULL, '2023-09-18 13:27:00', NULL);
INSERT INTO `sys_permission` (`id`, `parent_id`, `path`, `component`, `exact`, `redirect`, `wrappers`, `title`, `hash`, `name`, `icon`, `routes`, `key`, `target`, `hide_children_in_menu`, `hide_in_menu`, `locale`, `disabled`, `parent_keys`, `flat_menu`, `tooltip`, `app_type`, `permission`, `type`, `description`, `sort`, `del_flag`, `create_time`, `create_user`, `update_time`, `update_user`) VALUES (175, 65, '/api/sys/user/account/userPermission', NULL, 1, NULL, NULL, 'userPermission', 0, '获取用户权限', NULL, NULL, '1153321601643708416', NULL, 0, 0, NULL, NULL, '1063823998523146240', 0, NULL, 'MANAGER_BFF', 'user', 2, NULL, 0, b'0', '2023-09-18 13:28:18', NULL, '2023-09-18 14:10:36', NULL);
INSERT INTO `sys_permission` (`id`, `parent_id`, `path`, `component`, `exact`, `redirect`, `wrappers`, `title`, `hash`, `name`, `icon`, `routes`, `key`, `target`, `hide_children_in_menu`, `hide_in_menu`, `locale`, `disabled`, `parent_keys`, `flat_menu`, `tooltip`, `app_type`, `permission`, `type`, `description`, `sort`, `del_flag`, `create_time`, `create_user`, `update_time`, `update_user`) VALUES (176, 67, '/api/sys/user', NULL, 1, NULL, NULL, '删除', 0, '删除', NULL, NULL, '1153321951452856320', NULL, 0, 0, NULL, NULL, '1065073223911211008', 0, NULL, 'MANAGER_BFF', 'delete', 2, NULL, 0, b'0', '2023-09-18 13:29:41', NULL, '2023-09-18 13:29:41', NULL);
INSERT INTO `sys_permission` (`id`, `parent_id`, `path`, `component`, `exact`, `redirect`, `wrappers`, `title`, `hash`, `name`, `icon`, `routes`, `key`, `target`, `hide_children_in_menu`, `hide_in_menu`, `locale`, `disabled`, `parent_keys`, `flat_menu`, `tooltip`, `app_type`, `permission`, `type`, `description`, `sort`, `del_flag`, `create_time`, `create_user`, `update_time`, `update_user`) VALUES (177, 67, '/api/sys/user', NULL, 1, NULL, NULL, '新增', 0, '新增', NULL, NULL, '1153322075864301568', NULL, 0, 0, NULL, NULL, '1065073223911211008', 0, NULL, 'MANAGER_BFF', 'add', 2, NULL, 0, b'0', '2023-09-18 13:30:11', NULL, '2023-09-18 13:30:11', NULL);
INSERT INTO `sys_permission` (`id`, `parent_id`, `path`, `component`, `exact`, `redirect`, `wrappers`, `title`, `hash`, `name`, `icon`, `routes`, `key`, `target`, `hide_children_in_menu`, `hide_in_menu`, `locale`, `disabled`, `parent_keys`, `flat_menu`, `tooltip`, `app_type`, `permission`, `type`, `description`, `sort`, `del_flag`, `create_time`, `create_user`, `update_time`, `update_user`) VALUES (178, 67, '/api/sys/user', NULL, 1, NULL, NULL, '修改', 0, '修改', NULL, NULL, '1153322164057931776', NULL, 0, 0, NULL, NULL, '1065073223911211008', 0, NULL, 'MANAGER_BFF', 'edit', 2, NULL, 0, b'0', '2023-09-18 13:30:32', NULL, '2023-09-18 13:30:32', NULL);
INSERT INTO `sys_permission` (`id`, `parent_id`, `path`, `component`, `exact`, `redirect`, `wrappers`, `title`, `hash`, `name`, `icon`, `routes`, `key`, `target`, `hide_children_in_menu`, `hide_in_menu`, `locale`, `disabled`, `parent_keys`, `flat_menu`, `tooltip`, `app_type`, `permission`, `type`, `description`, `sort`, `del_flag`, `create_time`, `create_user`, `update_time`, `update_user`) VALUES (179, 67, '/api/sys/user', NULL, 1, NULL, NULL, '详情', 0, '详情', NULL, NULL, '1153322272912703488', NULL, 0, 0, NULL, NULL, '1065073223911211008', 0, NULL, 'MANAGER_BFF', 'get', 2, NULL, 0, b'0', '2023-09-18 13:30:58', NULL, '2023-09-18 13:30:58', NULL);
INSERT INTO `sys_permission` (`id`, `parent_id`, `path`, `component`, `exact`, `redirect`, `wrappers`, `title`, `hash`, `name`, `icon`, `routes`, `key`, `target`, `hide_children_in_menu`, `hide_in_menu`, `locale`, `disabled`, `parent_keys`, `flat_menu`, `tooltip`, `app_type`, `permission`, `type`, `description`, `sort`, `del_flag`, `create_time`, `create_user`, `update_time`, `update_user`) VALUES (180, 67, '/api/sys/user/info/page', NULL, 1, NULL, NULL, 'page', 0, '列表', NULL, NULL, '1153322545060118528', NULL, 0, 0, NULL, NULL, '1065073223911211008', 0, NULL, 'MANAGER_BFF', 'query', 2, NULL, 0, b'0', '2023-09-18 13:32:02', NULL, '2023-09-18 13:32:02', NULL);
INSERT INTO `sys_permission` (`id`, `parent_id`, `path`, `component`, `exact`, `redirect`, `wrappers`, `title`, `hash`, `name`, `icon`, `routes`, `key`, `target`, `hide_children_in_menu`, `hide_in_menu`, `locale`, `disabled`, `parent_keys`, `flat_menu`, `tooltip`, `app_type`, `permission`, `type`, `description`, `sort`, `del_flag`, `create_time`, `create_user`, `update_time`, `update_user`) VALUES (181, 67, '/api/sys/user/info/details', NULL, 1, NULL, NULL, 'details', 0, '详情', NULL, NULL, '1153322646365143040', NULL, 0, 0, NULL, NULL, '1065073223911211008', 0, NULL, 'MANAGER_BFF', 'get', 2, NULL, 0, b'0', '2023-09-18 13:32:27', NULL, '2023-09-18 13:32:27', NULL);
INSERT INTO `sys_permission` (`id`, `parent_id`, `path`, `component`, `exact`, `redirect`, `wrappers`, `title`, `hash`, `name`, `icon`, `routes`, `key`, `target`, `hide_children_in_menu`, `hide_in_menu`, `locale`, `disabled`, `parent_keys`, `flat_menu`, `tooltip`, `app_type`, `permission`, `type`, `description`, `sort`, `del_flag`, `create_time`, `create_user`, `update_time`, `update_user`) VALUES (182, 67, '/api/sys/user/info/update', NULL, 1, NULL, NULL, 'update', 0, '修改', NULL, NULL, '1153322744436359168', NULL, 0, 0, NULL, NULL, '1065073223911211008', 0, NULL, 'MANAGER_BFF', 'edit', 2, NULL, 0, b'0', '2023-09-18 13:32:50', NULL, '2023-09-18 13:32:50', NULL);
INSERT INTO `sys_permission` (`id`, `parent_id`, `path`, `component`, `exact`, `redirect`, `wrappers`, `title`, `hash`, `name`, `icon`, `routes`, `key`, `target`, `hide_children_in_menu`, `hide_in_menu`, `locale`, `disabled`, `parent_keys`, `flat_menu`, `tooltip`, `app_type`, `permission`, `type`, `description`, `sort`, `del_flag`, `create_time`, `create_user`, `update_time`, `update_user`) VALUES (183, 67, '/api/sys/user/info/update', NULL, 1, NULL, NULL, 'save', 0, '新增', NULL, NULL, '1153322826447585280', NULL, 0, 0, NULL, NULL, '1065073223911211008', 0, NULL, 'MANAGER_BFF', 'add', 2, NULL, 0, b'0', '2023-09-18 13:33:10', NULL, '2023-09-18 13:33:10', NULL);
INSERT INTO `sys_permission` (`id`, `parent_id`, `path`, `component`, `exact`, `redirect`, `wrappers`, `title`, `hash`, `name`, `icon`, `routes`, `key`, `target`, `hide_children_in_menu`, `hide_in_menu`, `locale`, `disabled`, `parent_keys`, `flat_menu`, `tooltip`, `app_type`, `permission`, `type`, `description`, `sort`, `del_flag`, `create_time`, `create_user`, `update_time`, `update_user`) VALUES (184, 67, '/api/sys/user/info/saveBatch', NULL, 1, NULL, NULL, 'saveBatch', 0, '批量新增', NULL, NULL, '1153322902511288320', NULL, 0, 0, NULL, NULL, '1065073223911211008', 0, NULL, 'MANAGER_BFF', 'add', 2, NULL, 0, b'0', '2023-09-18 13:33:28', NULL, '2023-09-18 13:33:28', NULL);
INSERT INTO `sys_permission` (`id`, `parent_id`, `path`, `component`, `exact`, `redirect`, `wrappers`, `title`, `hash`, `name`, `icon`, `routes`, `key`, `target`, `hide_children_in_menu`, `hide_in_menu`, `locale`, `disabled`, `parent_keys`, `flat_menu`, `tooltip`, `app_type`, `permission`, `type`, `description`, `sort`, `del_flag`, `create_time`, `create_user`, `update_time`, `update_user`) VALUES (185, 67, '/api/sys/user/info/deleteByIds', NULL, 1, NULL, NULL, 'deleteByIds', 0, '删除', NULL, NULL, '1153323012645322752', NULL, 0, 0, NULL, NULL, '1065073223911211008', 0, NULL, 'MANAGER_BFF', 'delete', 2, NULL, 0, b'0', '2023-09-18 13:33:54', NULL, '2023-09-18 13:33:54', NULL);
INSERT INTO `sys_permission` (`id`, `parent_id`, `path`, `component`, `exact`, `redirect`, `wrappers`, `title`, `hash`, `name`, `icon`, `routes`, `key`, `target`, `hide_children_in_menu`, `hide_in_menu`, `locale`, `disabled`, `parent_keys`, `flat_menu`, `tooltip`, `app_type`, `permission`, `type`, `description`, `sort`, `del_flag`, `create_time`, `create_user`, `update_time`, `update_user`) VALUES (186, 141, '/api/sys/user/tripartite/account/page', NULL, 1, NULL, NULL, 'page', 0, '列表', NULL, NULL, '1153323266362966016', NULL, 0, 0, NULL, NULL, '1151993468755771392', 0, NULL, 'MANAGER_BFF', 'query', 2, NULL, 0, b'0', '2023-09-18 13:34:54', NULL, '2023-09-18 13:34:54', NULL);
INSERT INTO `sys_permission` (`id`, `parent_id`, `path`, `component`, `exact`, `redirect`, `wrappers`, `title`, `hash`, `name`, `icon`, `routes`, `key`, `target`, `hide_children_in_menu`, `hide_in_menu`, `locale`, `disabled`, `parent_keys`, `flat_menu`, `tooltip`, `app_type`, `permission`, `type`, `description`, `sort`, `del_flag`, `create_time`, `create_user`, `update_time`, `update_user`) VALUES (187, 141, '/api/sys/user/tripartite/account/details', NULL, 1, NULL, NULL, 'details', 0, '详情', NULL, NULL, '1153323343403941888', NULL, 0, 0, NULL, NULL, '1151993468755771392', 0, NULL, 'MANAGER_BFF', 'get', 2, NULL, 0, b'0', '2023-09-18 13:35:13', NULL, '2023-09-18 13:35:29', NULL);
INSERT INTO `sys_permission` (`id`, `parent_id`, `path`, `component`, `exact`, `redirect`, `wrappers`, `title`, `hash`, `name`, `icon`, `routes`, `key`, `target`, `hide_children_in_menu`, `hide_in_menu`, `locale`, `disabled`, `parent_keys`, `flat_menu`, `tooltip`, `app_type`, `permission`, `type`, `description`, `sort`, `del_flag`, `create_time`, `create_user`, `update_time`, `update_user`) VALUES (188, 141, '/api/sys/user/tripartite/account/update', NULL, 1, NULL, NULL, 'update', 0, '修改', NULL, NULL, '1153323502225457152', NULL, 0, 0, NULL, NULL, '1151993468755771392', 0, NULL, 'MANAGER_BFF', 'edit', 2, NULL, 0, b'0', '2023-09-18 13:35:51', NULL, '2023-09-18 13:35:51', NULL);
INSERT INTO `sys_permission` (`id`, `parent_id`, `path`, `component`, `exact`, `redirect`, `wrappers`, `title`, `hash`, `name`, `icon`, `routes`, `key`, `target`, `hide_children_in_menu`, `hide_in_menu`, `locale`, `disabled`, `parent_keys`, `flat_menu`, `tooltip`, `app_type`, `permission`, `type`, `description`, `sort`, `del_flag`, `create_time`, `create_user`, `update_time`, `update_user`) VALUES (189, 141, '/api/sys/user/tripartite/account/save', NULL, 1, NULL, NULL, 'save', 0, '新增', NULL, NULL, '1153323580075933696', NULL, 0, 0, NULL, NULL, '1151993468755771392', 0, NULL, 'MANAGER_BFF', 'add', 2, NULL, 0, b'0', '2023-09-18 13:36:09', NULL, '2023-09-18 13:36:09', NULL);
INSERT INTO `sys_permission` (`id`, `parent_id`, `path`, `component`, `exact`, `redirect`, `wrappers`, `title`, `hash`, `name`, `icon`, `routes`, `key`, `target`, `hide_children_in_menu`, `hide_in_menu`, `locale`, `disabled`, `parent_keys`, `flat_menu`, `tooltip`, `app_type`, `permission`, `type`, `description`, `sort`, `del_flag`, `create_time`, `create_user`, `update_time`, `update_user`) VALUES (190, 141, '/api/sys/user/tripartite/account/saveBatch', NULL, 1, NULL, NULL, 'saveBatch', 0, '批量新增', NULL, NULL, '1153323655959281664', NULL, 0, 0, NULL, NULL, '1151993468755771392', 0, NULL, 'MANAGER_BFF', 'add', 2, NULL, 0, b'0', '2023-09-18 13:36:27', NULL, '2023-09-18 13:36:27', NULL);
INSERT INTO `sys_permission` (`id`, `parent_id`, `path`, `component`, `exact`, `redirect`, `wrappers`, `title`, `hash`, `name`, `icon`, `routes`, `key`, `target`, `hide_children_in_menu`, `hide_in_menu`, `locale`, `disabled`, `parent_keys`, `flat_menu`, `tooltip`, `app_type`, `permission`, `type`, `description`, `sort`, `del_flag`, `create_time`, `create_user`, `update_time`, `update_user`) VALUES (191, 141, '/api/sys/user/tripartite/account/deleteByIds', NULL, 1, NULL, NULL, 'deleteByIds', 0, '删除', NULL, NULL, '1153323724674564096', NULL, 0, 0, NULL, NULL, '1151993468755771392', 0, NULL, 'MANAGER_BFF', 'delete', 2, NULL, 0, b'0', '2023-09-18 13:36:44', NULL, '2023-09-18 13:36:44', NULL);
INSERT INTO `sys_permission` (`id`, `parent_id`, `path`, `component`, `exact`, `redirect`, `wrappers`, `title`, `hash`, `name`, `icon`, `routes`, `key`, `target`, `hide_children_in_menu`, `hide_in_menu`, `locale`, `disabled`, `parent_keys`, `flat_menu`, `tooltip`, `app_type`, `permission`, `type`, `description`, `sort`, `del_flag`, `create_time`, `create_user`, `update_time`, `update_user`) VALUES (192, 0, '/file', NULL, 1, NULL, NULL, '文件管理', 0, '文件管理', NULL, NULL, '1155828837876105216', NULL, 0, 1, NULL, NULL, '', 0, NULL, 'MANAGER_BFF', NULL, 0, NULL, 12, b'0', '2023-09-25 11:31:09', NULL, '2023-09-25 11:31:18', NULL);
INSERT INTO `sys_permission` (`id`, `parent_id`, `path`, `component`, `exact`, `redirect`, `wrappers`, `title`, `hash`, `name`, `icon`, `routes`, `key`, `target`, `hide_children_in_menu`, `hide_in_menu`, `locale`, `disabled`, `parent_keys`, `flat_menu`, `tooltip`, `app_type`, `permission`, `type`, `description`, `sort`, `del_flag`, `create_time`, `create_user`, `update_time`, `update_user`) VALUES (193, 192, '/api/file/upload', NULL, 1, NULL, NULL, 'upload', 0, '文件上传', NULL, NULL, '1155829012749221888', NULL, 0, 0, NULL, NULL, '1155828837876105216', 0, NULL, 'MANAGER_BFF', 'add', 2, NULL, 0, b'0', '2023-09-25 11:31:51', NULL, '2023-09-25 11:31:51', NULL);
INSERT INTO `sys_permission` (`id`, `parent_id`, `path`, `component`, `exact`, `redirect`, `wrappers`, `title`, `hash`, `name`, `icon`, `routes`, `key`, `target`, `hide_children_in_menu`, `hide_in_menu`, `locale`, `disabled`, `parent_keys`, `flat_menu`, `tooltip`, `app_type`, `permission`, `type`, `description`, `sort`, `del_flag`, `create_time`, `create_user`, `update_time`, `update_user`) VALUES (194, 192, '/api/file/download', NULL, 1, NULL, NULL, 'download', 0, '文件下载', NULL, NULL, '1155829300289732608', NULL, 0, 0, NULL, NULL, '1155828837876105216', 0, NULL, 'MANAGER_BFF', 'export', 2, NULL, 0, b'0', '2023-09-25 11:32:59', NULL, '2023-09-25 11:33:09', NULL);
INSERT INTO `sys_permission` (`id`, `parent_id`, `path`, `component`, `exact`, `redirect`, `wrappers`, `title`, `hash`, `name`, `icon`, `routes`, `key`, `target`, `hide_children_in_menu`, `hide_in_menu`, `locale`, `disabled`, `parent_keys`, `flat_menu`, `tooltip`, `app_type`, `permission`, `type`, `description`, `sort`, `del_flag`, `create_time`, `create_user`, `update_time`, `update_user`) VALUES (195, 192, '/api/file/delete', NULL, 1, NULL, NULL, 'delete', 0, '文件删除', NULL, NULL, '1155829472616906752', NULL, 0, 0, NULL, NULL, '1155828837876105216', 0, NULL, 'MANAGER_BFF', 'delete', 2, NULL, 0, b'0', '2023-09-25 11:33:41', NULL, '2023-09-25 11:33:41', NULL);
INSERT INTO `sys_permission` (`id`, `parent_id`, `path`, `component`, `exact`, `redirect`, `wrappers`, `title`, `hash`, `name`, `icon`, `routes`, `key`, `target`, `hide_children_in_menu`, `hide_in_menu`, `locale`, `disabled`, `parent_keys`, `flat_menu`, `tooltip`, `app_type`, `permission`, `type`, `description`, `sort`, `del_flag`, `create_time`, `create_user`, `update_time`, `update_user`) VALUES (196, 0, '/article/details/?articleId=:', NULL, 1, NULL, NULL, 'article_content', 0, 'article_content', NULL, NULL, '1195882552099995648', '_blank', 0, 1, NULL, NULL, '', 0, NULL, 'CLIENT_BFF', NULL, 0, '文章内容链接，用于生成站点地图。内部通过[:]标识符拆分路径，并拼接文章ID参数。', 0, b'0', '2024-01-14 00:10:19', NULL, '2024-01-14 00:48:22', NULL);
COMMIT;

-- ----------------------------
-- Records of sys_role
-- ----------------------------
BEGIN;
INSERT INTO `sys_role` (`id`, `name`, `code`, `status`, `del_flag`, `app_type`) VALUES (1, '管理员', 'admin', 0, b'0', 'MANAGER_BFF');
INSERT INTO `sys_role` (`id`, `name`, `code`, `status`, `del_flag`, `app_type`) VALUES (2, '超级管理员', 'administrater', 0, b'0', 'MANAGER_BFF');
INSERT INTO `sys_role` (`id`, `name`, `code`, `status`, `del_flag`, `app_type`) VALUES (3, '开放网关角色', 'open', 0, b'0', 'CLIENT_BFF');
INSERT INTO `sys_role` (`id`, `name`, `code`, `status`, `del_flag`, `app_type`) VALUES (4, '文章编辑角色', 'article', 0, b'0', 'MANAGER_BFF');
INSERT INTO `sys_role` (`id`, `name`, `code`, `status`, `del_flag`, `app_type`) VALUES (5, '只读角色', 'read-only', 0, b'0', 'MANAGER_BFF');
INSERT INTO `sys_role` (`id`, `name`, `code`, `status`, `del_flag`, `app_type`) VALUES (6, 'test', 'test', 1, b'0', 'MANAGER_BFF');
COMMIT;


-- ----------------------------
-- Records of sys_role_permission
-- ----------------------------
BEGIN;
INSERT INTO `sys_role_permission` (`id`, `role_id`, `permission_id`) VALUES (1454, 4, 62);
INSERT INTO `sys_role_permission` (`id`, `role_id`, `permission_id`) VALUES (1455, 4, 89);
INSERT INTO `sys_role_permission` (`id`, `role_id`, `permission_id`) VALUES (1456, 4, 95);
INSERT INTO `sys_role_permission` (`id`, `role_id`, `permission_id`) VALUES (1457, 4, 96);
INSERT INTO `sys_role_permission` (`id`, `role_id`, `permission_id`) VALUES (1458, 4, 97);
INSERT INTO `sys_role_permission` (`id`, `role_id`, `permission_id`) VALUES (1459, 4, 98);
INSERT INTO `sys_role_permission` (`id`, `role_id`, `permission_id`) VALUES (1460, 4, 30);
INSERT INTO `sys_role_permission` (`id`, `role_id`, `permission_id`) VALUES (1914, 10, 36);
INSERT INTO `sys_role_permission` (`id`, `role_id`, `permission_id`) VALUES (1915, 10, 7);
INSERT INTO `sys_role_permission` (`id`, `role_id`, `permission_id`) VALUES (1916, 10, 37);
INSERT INTO `sys_role_permission` (`id`, `role_id`, `permission_id`) VALUES (1917, 10, 39);
INSERT INTO `sys_role_permission` (`id`, `role_id`, `permission_id`) VALUES (1918, 10, 11);
INSERT INTO `sys_role_permission` (`id`, `role_id`, `permission_id`) VALUES (1919, 10, 2);
INSERT INTO `sys_role_permission` (`id`, `role_id`, `permission_id`) VALUES (1920, 10, 114);
INSERT INTO `sys_role_permission` (`id`, `role_id`, `permission_id`) VALUES (1921, 10, 115);
INSERT INTO `sys_role_permission` (`id`, `role_id`, `permission_id`) VALUES (3044, 5, 30);
INSERT INTO `sys_role_permission` (`id`, `role_id`, `permission_id`) VALUES (3045, 5, 57);
INSERT INTO `sys_role_permission` (`id`, `role_id`, `permission_id`) VALUES (3046, 5, 62);
INSERT INTO `sys_role_permission` (`id`, `role_id`, `permission_id`) VALUES (3047, 5, 88);
INSERT INTO `sys_role_permission` (`id`, `role_id`, `permission_id`) VALUES (3048, 5, 91);
INSERT INTO `sys_role_permission` (`id`, `role_id`, `permission_id`) VALUES (3049, 5, 89);
INSERT INTO `sys_role_permission` (`id`, `role_id`, `permission_id`) VALUES (3050, 5, 95);
INSERT INTO `sys_role_permission` (`id`, `role_id`, `permission_id`) VALUES (3051, 5, 96);
INSERT INTO `sys_role_permission` (`id`, `role_id`, `permission_id`) VALUES (3052, 5, 33);
INSERT INTO `sys_role_permission` (`id`, `role_id`, `permission_id`) VALUES (3053, 5, 71);
INSERT INTO `sys_role_permission` (`id`, `role_id`, `permission_id`) VALUES (3054, 5, 80);
INSERT INTO `sys_role_permission` (`id`, `role_id`, `permission_id`) VALUES (3055, 5, 100);
INSERT INTO `sys_role_permission` (`id`, `role_id`, `permission_id`) VALUES (3056, 5, 101);
INSERT INTO `sys_role_permission` (`id`, `role_id`, `permission_id`) VALUES (3057, 5, 3);
INSERT INTO `sys_role_permission` (`id`, `role_id`, `permission_id`) VALUES (3058, 5, 75);
INSERT INTO `sys_role_permission` (`id`, `role_id`, `permission_id`) VALUES (3059, 5, 6);
INSERT INTO `sys_role_permission` (`id`, `role_id`, `permission_id`) VALUES (3060, 5, 72);
INSERT INTO `sys_role_permission` (`id`, `role_id`, `permission_id`) VALUES (3061, 5, 32);
INSERT INTO `sys_role_permission` (`id`, `role_id`, `permission_id`) VALUES (3062, 5, 2);
INSERT INTO `sys_role_permission` (`id`, `role_id`, `permission_id`) VALUES (3063, 5, 115);
INSERT INTO `sys_role_permission` (`id`, `role_id`, `permission_id`) VALUES (3064, 5, 139);
INSERT INTO `sys_role_permission` (`id`, `role_id`, `permission_id`) VALUES (3065, 5, 45);
INSERT INTO `sys_role_permission` (`id`, `role_id`, `permission_id`) VALUES (3066, 5, 67);
INSERT INTO `sys_role_permission` (`id`, `role_id`, `permission_id`) VALUES (3067, 5, 68);
INSERT INTO `sys_role_permission` (`id`, `role_id`, `permission_id`) VALUES (3068, 5, 65);
INSERT INTO `sys_role_permission` (`id`, `role_id`, `permission_id`) VALUES (3069, 5, 66);
INSERT INTO `sys_role_permission` (`id`, `role_id`, `permission_id`) VALUES (3070, 5, 133);
INSERT INTO `sys_role_permission` (`id`, `role_id`, `permission_id`) VALUES (3071, 5, 78);
INSERT INTO `sys_role_permission` (`id`, `role_id`, `permission_id`) VALUES (3072, 5, 113);
INSERT INTO `sys_role_permission` (`id`, `role_id`, `permission_id`) VALUES (3073, 5, 81);
INSERT INTO `sys_role_permission` (`id`, `role_id`, `permission_id`) VALUES (3074, 5, 69);
INSERT INTO `sys_role_permission` (`id`, `role_id`, `permission_id`) VALUES (3075, 5, 166);
INSERT INTO `sys_role_permission` (`id`, `role_id`, `permission_id`) VALUES (3076, 5, 169);
INSERT INTO `sys_role_permission` (`id`, `role_id`, `permission_id`) VALUES (3077, 5, 170);
INSERT INTO `sys_role_permission` (`id`, `role_id`, `permission_id`) VALUES (3078, 5, 180);
INSERT INTO `sys_role_permission` (`id`, `role_id`, `permission_id`) VALUES (3079, 5, 179);
INSERT INTO `sys_role_permission` (`id`, `role_id`, `permission_id`) VALUES (3080, 5, 181);
INSERT INTO `sys_role_permission` (`id`, `role_id`, `permission_id`) VALUES (3081, 5, 140);
INSERT INTO `sys_role_permission` (`id`, `role_id`, `permission_id`) VALUES (3082, 5, 148);
INSERT INTO `sys_role_permission` (`id`, `role_id`, `permission_id`) VALUES (3083, 5, 149);
INSERT INTO `sys_role_permission` (`id`, `role_id`, `permission_id`) VALUES (3084, 5, 63);
INSERT INTO `sys_role_permission` (`id`, `role_id`, `permission_id`) VALUES (3085, 5, 146);
INSERT INTO `sys_role_permission` (`id`, `role_id`, `permission_id`) VALUES (3086, 5, 147);
INSERT INTO `sys_role_permission` (`id`, `role_id`, `permission_id`) VALUES (3322, 1, 30);
INSERT INTO `sys_role_permission` (`id`, `role_id`, `permission_id`) VALUES (3323, 1, 57);
INSERT INTO `sys_role_permission` (`id`, `role_id`, `permission_id`) VALUES (3324, 1, 62);
INSERT INTO `sys_role_permission` (`id`, `role_id`, `permission_id`) VALUES (3325, 1, 45);
INSERT INTO `sys_role_permission` (`id`, `role_id`, `permission_id`) VALUES (3326, 1, 2);
INSERT INTO `sys_role_permission` (`id`, `role_id`, `permission_id`) VALUES (3327, 1, 67);
INSERT INTO `sys_role_permission` (`id`, `role_id`, `permission_id`) VALUES (3328, 1, 133);
INSERT INTO `sys_role_permission` (`id`, `role_id`, `permission_id`) VALUES (3329, 1, 3);
INSERT INTO `sys_role_permission` (`id`, `role_id`, `permission_id`) VALUES (3330, 1, 75);
INSERT INTO `sys_role_permission` (`id`, `role_id`, `permission_id`) VALUES (3331, 1, 76);
INSERT INTO `sys_role_permission` (`id`, `role_id`, `permission_id`) VALUES (3332, 1, 6);
INSERT INTO `sys_role_permission` (`id`, `role_id`, `permission_id`) VALUES (3333, 1, 72);
INSERT INTO `sys_role_permission` (`id`, `role_id`, `permission_id`) VALUES (3334, 1, 73);
INSERT INTO `sys_role_permission` (`id`, `role_id`, `permission_id`) VALUES (3335, 1, 85);
INSERT INTO `sys_role_permission` (`id`, `role_id`, `permission_id`) VALUES (3336, 1, 115);
INSERT INTO `sys_role_permission` (`id`, `role_id`, `permission_id`) VALUES (3337, 1, 88);
INSERT INTO `sys_role_permission` (`id`, `role_id`, `permission_id`) VALUES (3338, 1, 91);
INSERT INTO `sys_role_permission` (`id`, `role_id`, `permission_id`) VALUES (3339, 1, 92);
INSERT INTO `sys_role_permission` (`id`, `role_id`, `permission_id`) VALUES (3340, 1, 93);
INSERT INTO `sys_role_permission` (`id`, `role_id`, `permission_id`) VALUES (3341, 1, 94);
INSERT INTO `sys_role_permission` (`id`, `role_id`, `permission_id`) VALUES (3342, 1, 89);
INSERT INTO `sys_role_permission` (`id`, `role_id`, `permission_id`) VALUES (3343, 1, 95);
INSERT INTO `sys_role_permission` (`id`, `role_id`, `permission_id`) VALUES (3344, 1, 96);
INSERT INTO `sys_role_permission` (`id`, `role_id`, `permission_id`) VALUES (3345, 1, 97);
INSERT INTO `sys_role_permission` (`id`, `role_id`, `permission_id`) VALUES (3346, 1, 98);
INSERT INTO `sys_role_permission` (`id`, `role_id`, `permission_id`) VALUES (3347, 1, 99);
INSERT INTO `sys_role_permission` (`id`, `role_id`, `permission_id`) VALUES (3348, 1, 63);
INSERT INTO `sys_role_permission` (`id`, `role_id`, `permission_id`) VALUES (3349, 1, 64);
INSERT INTO `sys_role_permission` (`id`, `role_id`, `permission_id`) VALUES (3350, 1, 100);
INSERT INTO `sys_role_permission` (`id`, `role_id`, `permission_id`) VALUES (3351, 1, 101);
INSERT INTO `sys_role_permission` (`id`, `role_id`, `permission_id`) VALUES (3352, 1, 102);
INSERT INTO `sys_role_permission` (`id`, `role_id`, `permission_id`) VALUES (3353, 1, 103);
INSERT INTO `sys_role_permission` (`id`, `role_id`, `permission_id`) VALUES (3354, 1, 104);
INSERT INTO `sys_role_permission` (`id`, `role_id`, `permission_id`) VALUES (3355, 1, 65);
INSERT INTO `sys_role_permission` (`id`, `role_id`, `permission_id`) VALUES (3356, 1, 66);
INSERT INTO `sys_role_permission` (`id`, `role_id`, `permission_id`) VALUES (3357, 1, 111);
INSERT INTO `sys_role_permission` (`id`, `role_id`, `permission_id`) VALUES (3358, 1, 68);
INSERT INTO `sys_role_permission` (`id`, `role_id`, `permission_id`) VALUES (3359, 1, 69);
INSERT INTO `sys_role_permission` (`id`, `role_id`, `permission_id`) VALUES (3360, 1, 77);
INSERT INTO `sys_role_permission` (`id`, `role_id`, `permission_id`) VALUES (3361, 1, 78);
INSERT INTO `sys_role_permission` (`id`, `role_id`, `permission_id`) VALUES (3362, 1, 79);
INSERT INTO `sys_role_permission` (`id`, `role_id`, `permission_id`) VALUES (3363, 1, 87);
INSERT INTO `sys_role_permission` (`id`, `role_id`, `permission_id`) VALUES (3364, 1, 110);
INSERT INTO `sys_role_permission` (`id`, `role_id`, `permission_id`) VALUES (3365, 1, 113);
INSERT INTO `sys_role_permission` (`id`, `role_id`, `permission_id`) VALUES (3366, 1, 134);
INSERT INTO `sys_role_permission` (`id`, `role_id`, `permission_id`) VALUES (3367, 1, 136);
INSERT INTO `sys_role_permission` (`id`, `role_id`, `permission_id`) VALUES (3368, 1, 137);
INSERT INTO `sys_role_permission` (`id`, `role_id`, `permission_id`) VALUES (3369, 1, 32);
INSERT INTO `sys_role_permission` (`id`, `role_id`, `permission_id`) VALUES (3370, 1, 33);
INSERT INTO `sys_role_permission` (`id`, `role_id`, `permission_id`) VALUES (3371, 1, 71);
INSERT INTO `sys_role_permission` (`id`, `role_id`, `permission_id`) VALUES (3372, 1, 80);
INSERT INTO `sys_role_permission` (`id`, `role_id`, `permission_id`) VALUES (3373, 1, 81);
INSERT INTO `sys_role_permission` (`id`, `role_id`, `permission_id`) VALUES (3374, 1, 82);
INSERT INTO `sys_role_permission` (`id`, `role_id`, `permission_id`) VALUES (3375, 1, 83);
INSERT INTO `sys_role_permission` (`id`, `role_id`, `permission_id`) VALUES (3376, 1, 90);
INSERT INTO `sys_role_permission` (`id`, `role_id`, `permission_id`) VALUES (3377, 1, 70);
INSERT INTO `sys_role_permission` (`id`, `role_id`, `permission_id`) VALUES (3378, 1, 139);
INSERT INTO `sys_role_permission` (`id`, `role_id`, `permission_id`) VALUES (3379, 1, 140);
INSERT INTO `sys_role_permission` (`id`, `role_id`, `permission_id`) VALUES (3380, 1, 141);
INSERT INTO `sys_role_permission` (`id`, `role_id`, `permission_id`) VALUES (3381, 1, 192);
INSERT INTO `sys_role_permission` (`id`, `role_id`, `permission_id`) VALUES (3382, 1, 193);
INSERT INTO `sys_role_permission` (`id`, `role_id`, `permission_id`) VALUES (3383, 1, 194);
INSERT INTO `sys_role_permission` (`id`, `role_id`, `permission_id`) VALUES (3384, 1, 142);
INSERT INTO `sys_role_permission` (`id`, `role_id`, `permission_id`) VALUES (3385, 1, 143);
INSERT INTO `sys_role_permission` (`id`, `role_id`, `permission_id`) VALUES (3386, 1, 145);
INSERT INTO `sys_role_permission` (`id`, `role_id`, `permission_id`) VALUES (3387, 1, 146);
INSERT INTO `sys_role_permission` (`id`, `role_id`, `permission_id`) VALUES (3388, 1, 147);
INSERT INTO `sys_role_permission` (`id`, `role_id`, `permission_id`) VALUES (3389, 1, 148);
INSERT INTO `sys_role_permission` (`id`, `role_id`, `permission_id`) VALUES (3390, 1, 149);
INSERT INTO `sys_role_permission` (`id`, `role_id`, `permission_id`) VALUES (3391, 1, 150);
INSERT INTO `sys_role_permission` (`id`, `role_id`, `permission_id`) VALUES (3392, 1, 151);
INSERT INTO `sys_role_permission` (`id`, `role_id`, `permission_id`) VALUES (3393, 1, 153);
INSERT INTO `sys_role_permission` (`id`, `role_id`, `permission_id`) VALUES (3394, 1, 176);
INSERT INTO `sys_role_permission` (`id`, `role_id`, `permission_id`) VALUES (3395, 1, 177);
INSERT INTO `sys_role_permission` (`id`, `role_id`, `permission_id`) VALUES (3396, 1, 178);
INSERT INTO `sys_role_permission` (`id`, `role_id`, `permission_id`) VALUES (3397, 1, 180);
INSERT INTO `sys_role_permission` (`id`, `role_id`, `permission_id`) VALUES (3398, 1, 179);
INSERT INTO `sys_role_permission` (`id`, `role_id`, `permission_id`) VALUES (3399, 1, 181);
INSERT INTO `sys_role_permission` (`id`, `role_id`, `permission_id`) VALUES (3400, 1, 182);
INSERT INTO `sys_role_permission` (`id`, `role_id`, `permission_id`) VALUES (3401, 1, 183);
INSERT INTO `sys_role_permission` (`id`, `role_id`, `permission_id`) VALUES (3402, 1, 185);
INSERT INTO `sys_role_permission` (`id`, `role_id`, `permission_id`) VALUES (3403, 1, 169);
INSERT INTO `sys_role_permission` (`id`, `role_id`, `permission_id`) VALUES (3404, 1, 170);
INSERT INTO `sys_role_permission` (`id`, `role_id`, `permission_id`) VALUES (3405, 1, 172);
INSERT INTO `sys_role_permission` (`id`, `role_id`, `permission_id`) VALUES (3406, 1, 175);
INSERT INTO `sys_role_permission` (`id`, `role_id`, `permission_id`) VALUES (3407, 1, 186);
INSERT INTO `sys_role_permission` (`id`, `role_id`, `permission_id`) VALUES (3408, 1, 187);
INSERT INTO `sys_role_permission` (`id`, `role_id`, `permission_id`) VALUES (3409, 1, 189);
INSERT INTO `sys_role_permission` (`id`, `role_id`, `permission_id`) VALUES (3410, 1, 166);
INSERT INTO `sys_role_permission` (`id`, `role_id`, `permission_id`) VALUES (3411, 1, 167);
INSERT INTO `sys_role_permission` (`id`, `role_id`, `permission_id`) VALUES (3412, 3, 26);
INSERT INTO `sys_role_permission` (`id`, `role_id`, `permission_id`) VALUES (3413, 3, 48);
INSERT INTO `sys_role_permission` (`id`, `role_id`, `permission_id`) VALUES (3414, 3, 106);
INSERT INTO `sys_role_permission` (`id`, `role_id`, `permission_id`) VALUES (3415, 3, 196);
INSERT INTO `sys_role_permission` (`id`, `role_id`, `permission_id`) VALUES (3416, 2, 46);
INSERT INTO `sys_role_permission` (`id`, `role_id`, `permission_id`) VALUES (3417, 2, 47);
INSERT INTO `sys_role_permission` (`id`, `role_id`, `permission_id`) VALUES (3418, 2, 30);
INSERT INTO `sys_role_permission` (`id`, `role_id`, `permission_id`) VALUES (3419, 2, 57);
INSERT INTO `sys_role_permission` (`id`, `role_id`, `permission_id`) VALUES (3420, 2, 62);
INSERT INTO `sys_role_permission` (`id`, `role_id`, `permission_id`) VALUES (3421, 2, 63);
INSERT INTO `sys_role_permission` (`id`, `role_id`, `permission_id`) VALUES (3422, 2, 64);
INSERT INTO `sys_role_permission` (`id`, `role_id`, `permission_id`) VALUES (3423, 2, 45);
INSERT INTO `sys_role_permission` (`id`, `role_id`, `permission_id`) VALUES (3424, 2, 65);
INSERT INTO `sys_role_permission` (`id`, `role_id`, `permission_id`) VALUES (3425, 2, 2);
INSERT INTO `sys_role_permission` (`id`, `role_id`, `permission_id`) VALUES (3426, 2, 3);
INSERT INTO `sys_role_permission` (`id`, `role_id`, `permission_id`) VALUES (3427, 2, 6);
INSERT INTO `sys_role_permission` (`id`, `role_id`, `permission_id`) VALUES (3428, 2, 32);
INSERT INTO `sys_role_permission` (`id`, `role_id`, `permission_id`) VALUES (3429, 2, 33);
INSERT INTO `sys_role_permission` (`id`, `role_id`, `permission_id`) VALUES (3430, 2, 36);
INSERT INTO `sys_role_permission` (`id`, `role_id`, `permission_id`) VALUES (3431, 2, 37);
INSERT INTO `sys_role_permission` (`id`, `role_id`, `permission_id`) VALUES (3432, 2, 39);
INSERT INTO `sys_role_permission` (`id`, `role_id`, `permission_id`) VALUES (3433, 2, 40);
INSERT INTO `sys_role_permission` (`id`, `role_id`, `permission_id`) VALUES (3434, 2, 41);
INSERT INTO `sys_role_permission` (`id`, `role_id`, `permission_id`) VALUES (3435, 2, 42);
INSERT INTO `sys_role_permission` (`id`, `role_id`, `permission_id`) VALUES (3436, 2, 43);
INSERT INTO `sys_role_permission` (`id`, `role_id`, `permission_id`) VALUES (3437, 2, 44);
INSERT INTO `sys_role_permission` (`id`, `role_id`, `permission_id`) VALUES (3438, 2, 7);
INSERT INTO `sys_role_permission` (`id`, `role_id`, `permission_id`) VALUES (3439, 2, 8);
INSERT INTO `sys_role_permission` (`id`, `role_id`, `permission_id`) VALUES (3440, 2, 9);
INSERT INTO `sys_role_permission` (`id`, `role_id`, `permission_id`) VALUES (3441, 2, 10);
INSERT INTO `sys_role_permission` (`id`, `role_id`, `permission_id`) VALUES (3442, 2, 11);
INSERT INTO `sys_role_permission` (`id`, `role_id`, `permission_id`) VALUES (3443, 2, 12);
INSERT INTO `sys_role_permission` (`id`, `role_id`, `permission_id`) VALUES (3444, 2, 13);
INSERT INTO `sys_role_permission` (`id`, `role_id`, `permission_id`) VALUES (3445, 2, 14);
INSERT INTO `sys_role_permission` (`id`, `role_id`, `permission_id`) VALUES (3446, 2, 66);
INSERT INTO `sys_role_permission` (`id`, `role_id`, `permission_id`) VALUES (3447, 2, 69);
INSERT INTO `sys_role_permission` (`id`, `role_id`, `permission_id`) VALUES (3448, 2, 68);
INSERT INTO `sys_role_permission` (`id`, `role_id`, `permission_id`) VALUES (3449, 2, 71);
INSERT INTO `sys_role_permission` (`id`, `role_id`, `permission_id`) VALUES (3450, 2, 72);
INSERT INTO `sys_role_permission` (`id`, `role_id`, `permission_id`) VALUES (3451, 2, 73);
INSERT INTO `sys_role_permission` (`id`, `role_id`, `permission_id`) VALUES (3452, 2, 74);
INSERT INTO `sys_role_permission` (`id`, `role_id`, `permission_id`) VALUES (3453, 2, 75);
INSERT INTO `sys_role_permission` (`id`, `role_id`, `permission_id`) VALUES (3454, 2, 76);
INSERT INTO `sys_role_permission` (`id`, `role_id`, `permission_id`) VALUES (3455, 2, 77);
INSERT INTO `sys_role_permission` (`id`, `role_id`, `permission_id`) VALUES (3456, 2, 78);
INSERT INTO `sys_role_permission` (`id`, `role_id`, `permission_id`) VALUES (3457, 2, 79);
INSERT INTO `sys_role_permission` (`id`, `role_id`, `permission_id`) VALUES (3458, 2, 80);
INSERT INTO `sys_role_permission` (`id`, `role_id`, `permission_id`) VALUES (3459, 2, 81);
INSERT INTO `sys_role_permission` (`id`, `role_id`, `permission_id`) VALUES (3460, 2, 82);
INSERT INTO `sys_role_permission` (`id`, `role_id`, `permission_id`) VALUES (3461, 2, 83);
INSERT INTO `sys_role_permission` (`id`, `role_id`, `permission_id`) VALUES (3462, 2, 84);
INSERT INTO `sys_role_permission` (`id`, `role_id`, `permission_id`) VALUES (3463, 2, 85);
INSERT INTO `sys_role_permission` (`id`, `role_id`, `permission_id`) VALUES (3464, 2, 87);
INSERT INTO `sys_role_permission` (`id`, `role_id`, `permission_id`) VALUES (3465, 2, 86);
INSERT INTO `sys_role_permission` (`id`, `role_id`, `permission_id`) VALUES (3466, 2, 89);
INSERT INTO `sys_role_permission` (`id`, `role_id`, `permission_id`) VALUES (3467, 2, 91);
INSERT INTO `sys_role_permission` (`id`, `role_id`, `permission_id`) VALUES (3468, 2, 92);
INSERT INTO `sys_role_permission` (`id`, `role_id`, `permission_id`) VALUES (3469, 2, 93);
INSERT INTO `sys_role_permission` (`id`, `role_id`, `permission_id`) VALUES (3470, 2, 94);
INSERT INTO `sys_role_permission` (`id`, `role_id`, `permission_id`) VALUES (3471, 2, 90);
INSERT INTO `sys_role_permission` (`id`, `role_id`, `permission_id`) VALUES (3472, 2, 95);
INSERT INTO `sys_role_permission` (`id`, `role_id`, `permission_id`) VALUES (3473, 2, 96);
INSERT INTO `sys_role_permission` (`id`, `role_id`, `permission_id`) VALUES (3474, 2, 97);
INSERT INTO `sys_role_permission` (`id`, `role_id`, `permission_id`) VALUES (3475, 2, 98);
INSERT INTO `sys_role_permission` (`id`, `role_id`, `permission_id`) VALUES (3476, 2, 99);
INSERT INTO `sys_role_permission` (`id`, `role_id`, `permission_id`) VALUES (3477, 2, 100);
INSERT INTO `sys_role_permission` (`id`, `role_id`, `permission_id`) VALUES (3478, 2, 101);
INSERT INTO `sys_role_permission` (`id`, `role_id`, `permission_id`) VALUES (3479, 2, 102);
INSERT INTO `sys_role_permission` (`id`, `role_id`, `permission_id`) VALUES (3480, 2, 103);
INSERT INTO `sys_role_permission` (`id`, `role_id`, `permission_id`) VALUES (3481, 2, 104);
INSERT INTO `sys_role_permission` (`id`, `role_id`, `permission_id`) VALUES (3482, 2, 110);
INSERT INTO `sys_role_permission` (`id`, `role_id`, `permission_id`) VALUES (3483, 2, 113);
INSERT INTO `sys_role_permission` (`id`, `role_id`, `permission_id`) VALUES (3484, 2, 114);
INSERT INTO `sys_role_permission` (`id`, `role_id`, `permission_id`) VALUES (3485, 2, 115);
INSERT INTO `sys_role_permission` (`id`, `role_id`, `permission_id`) VALUES (3486, 2, 67);
INSERT INTO `sys_role_permission` (`id`, `role_id`, `permission_id`) VALUES (3487, 2, 133);
INSERT INTO `sys_role_permission` (`id`, `role_id`, `permission_id`) VALUES (3488, 2, 134);
INSERT INTO `sys_role_permission` (`id`, `role_id`, `permission_id`) VALUES (3489, 2, 70);
INSERT INTO `sys_role_permission` (`id`, `role_id`, `permission_id`) VALUES (3490, 2, 136);
INSERT INTO `sys_role_permission` (`id`, `role_id`, `permission_id`) VALUES (3491, 2, 137);
INSERT INTO `sys_role_permission` (`id`, `role_id`, `permission_id`) VALUES (3492, 2, 111);
INSERT INTO `sys_role_permission` (`id`, `role_id`, `permission_id`) VALUES (3493, 2, 139);
INSERT INTO `sys_role_permission` (`id`, `role_id`, `permission_id`) VALUES (3494, 2, 140);
INSERT INTO `sys_role_permission` (`id`, `role_id`, `permission_id`) VALUES (3495, 2, 141);
INSERT INTO `sys_role_permission` (`id`, `role_id`, `permission_id`) VALUES (3496, 2, 142);
INSERT INTO `sys_role_permission` (`id`, `role_id`, `permission_id`) VALUES (3497, 2, 143);
INSERT INTO `sys_role_permission` (`id`, `role_id`, `permission_id`) VALUES (3498, 2, 145);
INSERT INTO `sys_role_permission` (`id`, `role_id`, `permission_id`) VALUES (3499, 2, 146);
INSERT INTO `sys_role_permission` (`id`, `role_id`, `permission_id`) VALUES (3500, 2, 147);
INSERT INTO `sys_role_permission` (`id`, `role_id`, `permission_id`) VALUES (3501, 2, 148);
INSERT INTO `sys_role_permission` (`id`, `role_id`, `permission_id`) VALUES (3502, 2, 149);
INSERT INTO `sys_role_permission` (`id`, `role_id`, `permission_id`) VALUES (3503, 2, 150);
INSERT INTO `sys_role_permission` (`id`, `role_id`, `permission_id`) VALUES (3504, 2, 151);
INSERT INTO `sys_role_permission` (`id`, `role_id`, `permission_id`) VALUES (3505, 2, 153);
INSERT INTO `sys_role_permission` (`id`, `role_id`, `permission_id`) VALUES (3506, 2, 176);
INSERT INTO `sys_role_permission` (`id`, `role_id`, `permission_id`) VALUES (3507, 2, 177);
INSERT INTO `sys_role_permission` (`id`, `role_id`, `permission_id`) VALUES (3508, 2, 178);
INSERT INTO `sys_role_permission` (`id`, `role_id`, `permission_id`) VALUES (3509, 2, 179);
INSERT INTO `sys_role_permission` (`id`, `role_id`, `permission_id`) VALUES (3510, 2, 180);
INSERT INTO `sys_role_permission` (`id`, `role_id`, `permission_id`) VALUES (3511, 2, 181);
INSERT INTO `sys_role_permission` (`id`, `role_id`, `permission_id`) VALUES (3512, 2, 182);
INSERT INTO `sys_role_permission` (`id`, `role_id`, `permission_id`) VALUES (3513, 2, 183);
INSERT INTO `sys_role_permission` (`id`, `role_id`, `permission_id`) VALUES (3514, 2, 185);
INSERT INTO `sys_role_permission` (`id`, `role_id`, `permission_id`) VALUES (3515, 2, 169);
INSERT INTO `sys_role_permission` (`id`, `role_id`, `permission_id`) VALUES (3516, 2, 170);
INSERT INTO `sys_role_permission` (`id`, `role_id`, `permission_id`) VALUES (3517, 2, 171);
INSERT INTO `sys_role_permission` (`id`, `role_id`, `permission_id`) VALUES (3518, 2, 172);
INSERT INTO `sys_role_permission` (`id`, `role_id`, `permission_id`) VALUES (3519, 2, 174);
INSERT INTO `sys_role_permission` (`id`, `role_id`, `permission_id`) VALUES (3520, 2, 175);
INSERT INTO `sys_role_permission` (`id`, `role_id`, `permission_id`) VALUES (3521, 2, 186);
INSERT INTO `sys_role_permission` (`id`, `role_id`, `permission_id`) VALUES (3522, 2, 187);
INSERT INTO `sys_role_permission` (`id`, `role_id`, `permission_id`) VALUES (3523, 2, 188);
INSERT INTO `sys_role_permission` (`id`, `role_id`, `permission_id`) VALUES (3524, 2, 189);
INSERT INTO `sys_role_permission` (`id`, `role_id`, `permission_id`) VALUES (3525, 2, 191);
INSERT INTO `sys_role_permission` (`id`, `role_id`, `permission_id`) VALUES (3526, 2, 166);
INSERT INTO `sys_role_permission` (`id`, `role_id`, `permission_id`) VALUES (3527, 2, 167);
INSERT INTO `sys_role_permission` (`id`, `role_id`, `permission_id`) VALUES (3528, 2, 155);
INSERT INTO `sys_role_permission` (`id`, `role_id`, `permission_id`) VALUES (3529, 2, 156);
INSERT INTO `sys_role_permission` (`id`, `role_id`, `permission_id`) VALUES (3530, 2, 157);
INSERT INTO `sys_role_permission` (`id`, `role_id`, `permission_id`) VALUES (3531, 2, 158);
INSERT INTO `sys_role_permission` (`id`, `role_id`, `permission_id`) VALUES (3532, 2, 160);
INSERT INTO `sys_role_permission` (`id`, `role_id`, `permission_id`) VALUES (3533, 2, 161);
INSERT INTO `sys_role_permission` (`id`, `role_id`, `permission_id`) VALUES (3534, 2, 159);
INSERT INTO `sys_role_permission` (`id`, `role_id`, `permission_id`) VALUES (3535, 2, 162);
INSERT INTO `sys_role_permission` (`id`, `role_id`, `permission_id`) VALUES (3536, 2, 168);
INSERT INTO `sys_role_permission` (`id`, `role_id`, `permission_id`) VALUES (3537, 2, 165);
INSERT INTO `sys_role_permission` (`id`, `role_id`, `permission_id`) VALUES (3538, 2, 190);
INSERT INTO `sys_role_permission` (`id`, `role_id`, `permission_id`) VALUES (3539, 2, 173);
INSERT INTO `sys_role_permission` (`id`, `role_id`, `permission_id`) VALUES (3540, 2, 184);
INSERT INTO `sys_role_permission` (`id`, `role_id`, `permission_id`) VALUES (3541, 2, 152);
INSERT INTO `sys_role_permission` (`id`, `role_id`, `permission_id`) VALUES (3542, 2, 163);
INSERT INTO `sys_role_permission` (`id`, `role_id`, `permission_id`) VALUES (3543, 2, 144);
INSERT INTO `sys_role_permission` (`id`, `role_id`, `permission_id`) VALUES (3544, 2, 154);
INSERT INTO `sys_role_permission` (`id`, `role_id`, `permission_id`) VALUES (3545, 2, 164);
INSERT INTO `sys_role_permission` (`id`, `role_id`, `permission_id`) VALUES (3546, 2, 192);
INSERT INTO `sys_role_permission` (`id`, `role_id`, `permission_id`) VALUES (3547, 2, 193);
INSERT INTO `sys_role_permission` (`id`, `role_id`, `permission_id`) VALUES (3548, 2, 194);
INSERT INTO `sys_role_permission` (`id`, `role_id`, `permission_id`) VALUES (3549, 2, 195);
INSERT INTO `sys_role_permission` (`id`, `role_id`, `permission_id`) VALUES (3550, 2, 88);
COMMIT;

-- ----------------------------
-- Records of sys_user_account
-- ----------------------------
BEGIN;
INSERT INTO `sys_user_account` (`id`, `user_id`, `account`, `salt`, `secret`, `type`, `status`, `del_flag`, `create_user`, `create_time`, `update_user`, `update_time`, `app_type`) VALUES (1, '1', 'admin', 'c71b035ad80d5a6c8b2ef869dcd68ad1', '336fef9895165796b4391ed60b645eb1', 1, 1, 0, NULL, NULL, NULL, '2023-09-17 16:01:20', 'MANAGER_BFF');
INSERT INTO `sys_user_account` (`id`, `user_id`, `account`, `salt`, `secret`, `type`, `status`, `del_flag`, `create_user`, `create_time`, `update_user`, `update_time`, `app_type`) VALUES (9, '2', 'super', '8fb8994daf917b099edc99ab7b3b808c', 'fcfc18bbdf1da097a4b2457fda051662', 1, 0, 0, NULL, NULL, NULL, '2023-09-17 16:01:16', 'MANAGER_BFF');
INSERT INTO `sys_user_account` (`id`, `user_id`, `account`, `salt`, `secret`, `type`, `status`, `del_flag`, `create_user`, `create_time`, `update_user`, `update_time`, `app_type`) VALUES (11, 'test', 'test', NULL, NULL, 1, 1, 1, NULL, '2023-09-17 14:06:12', NULL, '2023-09-17 08:01:05', 'MANAGER_BFF');
INSERT INTO `sys_user_account` (`id`, `user_id`, `account`, `salt`, `secret`, `type`, `status`, `del_flag`, `create_user`, `create_time`, `update_user`, `update_time`, `app_type`) VALUES (12, '1152972407368187904', 'readonly', '969f2bbaa566e2edf5af1f78e85590cb', '9eafbec1ca5b6b308a058000e563d111', 1, 0, 0, NULL, '2023-09-17 14:20:43', NULL, '2023-09-18 13:37:02', 'MANAGER_BFF');
INSERT INTO `sys_user_account` (`id`, `user_id`, `account`, `salt`, `secret`, `type`, `status`, `del_flag`, `create_user`, `create_time`, `update_user`, `update_time`, `app_type`) VALUES (13, 'test', 'test', '8442416402030f0a25d4928b17dc3bc5', 'c080462fe961bbb3e21932e584f8bc55', 1, 1, 1, NULL, '2023-09-17 14:21:12', NULL, '2023-09-17 08:01:08', 'MANAGER_BFF');
COMMIT;

-- ----------------------------
-- Records of sys_user_info
-- ----------------------------
BEGIN;
INSERT INTO `sys_user_info` (`id`, `user_id`, `nick_name`, `sex`, `address`, `email`, `real_name`, `birthday`, `description`, `phone`, `avatar`, `del_flag`, `create_user`, `create_time`, `update_user`, `update_time`) VALUES (1, '1', '管理员', 0, '', '', '', '2023-08-08', '', '', '', b'0', NULL, NULL, NULL, '2023-09-14 22:24:59');
INSERT INTO `sys_user_info` (`id`, `user_id`, `nick_name`, `sex`, `address`, `email`, `real_name`, `birthday`, `description`, `phone`, `avatar`, `del_flag`, `create_user`, `create_time`, `update_user`, `update_time`) VALUES (2, '2', '超级管理员', 0, NULL, NULL, NULL, NULL, NULL, NULL, '', b'0', NULL, NULL, NULL, '2023-09-14 22:25:21');
INSERT INTO `sys_user_info` (`id`, `user_id`, `nick_name`, `sex`, `address`, `email`, `real_name`, `birthday`, `description`, `phone`, `avatar`, `del_flag`, `create_user`, `create_time`, `update_user`, `update_time`) VALUES (3, '3', '测试账号', 0, NULL, NULL, NULL, NULL, NULL, NULL, '', b'0', NULL, NULL, NULL, '2023-09-14 22:25:30');
COMMIT;

-- ----------------------------
-- Records of sys_user_role
-- ----------------------------
BEGIN;
INSERT INTO `sys_user_role` (`id`, `role_id`, `user_id`) VALUES (1, 1, '1');
INSERT INTO `sys_user_role` (`id`, `role_id`, `user_id`) VALUES (2, 2, '2');
INSERT INTO `sys_user_role` (`id`, `role_id`, `user_id`) VALUES (3, 5, '3');
COMMIT;


-- ----------------------------
-- Records of dictionary
-- ----------------------------
BEGIN;
INSERT INTO `dictionary` (`id`, `code`, `value`, `open`, `remark`, `name`, `create_time`, `update_time`, `type`, `del_flag`) VALUES (3, 'permissionType', '[{\"text\": \"一级菜单\", \"label\": \"一级菜单\", \"value\": 0, \"status\": \"Processing\"}, {\"text\": \"子菜单\", \"color\": \"blue\", \"label\": \"子菜单\", \"value\": 1}, {\"text\": \"按钮\", \"color\": \"yellow\", \"label\": \"按钮\", \"value\": 2}]', 0, '菜单权限类型', '菜单类型', NULL, '2024-01-27 16:24:23', '4', b'0');
INSERT INTO `dictionary` (`id`, `code`, `value`, `open`, `remark`, `name`, `create_time`, `update_time`, `type`, `del_flag`) VALUES (4, 'appType', '[{\"text\": \"管理后台\", \"label\": \"管理后台\", \"value\": \"MANAGER_BFF\"}, {\"text\": \"客户端\", \"label\": \"客户端\", \"value\": \"CLIENT_BFF\"}]', 0, '应用类型', '应用类型', NULL, '2024-01-27 16:31:27', '5', b'0');
INSERT INTO `dictionary` (`id`, `code`, `value`, `open`, `remark`, `name`, `create_time`, `update_time`, `type`, `del_flag`) VALUES (6, 'newsCategories', '[{\"key\": \"weibo\", \"icon\": \"weibo-square\", \"text\": \"微博\"}, {\"key\": \"toutiao\", \"text\": \"今日头条\"}, {\"key\": \"qq\", \"icon\": \"qq\", \"text\": \"腾讯新闻\", \"disabled\": false}]', 1, '新闻分类', '新闻分类', NULL, '2024-01-27 15:51:18', '2', b'0');
INSERT INTO `dictionary` (`id`, `code`, `value`, `open`, `remark`, `name`, `create_time`, `update_time`, `type`, `del_flag`) VALUES (7, 'toolsDataType', '[{\"key\": \"\", \"tab\": \"全部\"}, {\"key\": \"1\", \"tab\": \"开发类\"}, {\"key\": \"2\", \"tab\": \"文本类\"}, {\"key\": \"3\", \"tab\": \"加密解密\", \"disabled\": false}]', 1, '工具模块数据类型', '工具类型', NULL, '2024-01-27 15:51:00', '2', b'0');
INSERT INTO `dictionary` (`id`, `code`, `value`, `open`, `remark`, `name`, `create_time`, `update_time`, `type`, `del_flag`) VALUES (9, 'listType', '[{\"label\": \"工具\", \"value\": 1}, {\"label\": \"博客\", \"value\": 2}]', 0, NULL, '列表的类型', NULL, '2024-01-27 16:07:02', '2', b'0');
INSERT INTO `dictionary` (`id`, `code`, `value`, `open`, `remark`, `name`, `create_time`, `update_time`, `type`, `del_flag`) VALUES (10, 'examineStatus', '[{\"text\": \"正常\", \"color\": \"green\", \"label\": \"正常\", \"value\": 0}, {\"text\": \"审核中\", \"color\": \"yellow\", \"label\": \"审核中\", \"value\": 1}, {\"text\": \"审核不通过\", \"color\": \"red\", \"label\": \"审核不通过\", \"value\": 2}]', 0, '', '审核状态', NULL, '2024-01-27 15:57:18', '5', b'0');
INSERT INTO `dictionary` (`id`, `code`, `value`, `open`, `remark`, `name`, `create_time`, `update_time`, `type`, `del_flag`) VALUES (11, 'jumpType', '[{\"label\": \"站内资源\", \"value\": 1}, {\"label\": \"站外资源\", \"value\": 2}]', 1, NULL, '跳转类型', NULL, '2024-01-27 16:04:26', '5', b'0');
INSERT INTO `dictionary` (`id`, `code`, `value`, `open`, `remark`, `name`, `create_time`, `update_time`, `type`, `del_flag`) VALUES (12, 'dataType', '[{\"label\": \"开发类\", \"value\": 1}, {\"label\": \"文本类\", \"value\": 2}, {\"label\": \"加密解密\", \"value\": 3}]', 0, NULL, '数据类型', NULL, '2024-01-27 16:08:23', '2', b'0');
INSERT INTO `dictionary` (`id`, `code`, `value`, `open`, `remark`, `name`, `create_time`, `update_time`, `type`, `del_flag`) VALUES (13, 'site_notice', '[{\"text\": \"欢迎访问本站点，文章如有侵权，请联系站长删除。\", \"color\": \"#f50\"}, {\"text\": \"欢迎访问本站点，如有良好的意见或建议，请联系站长或前往留言板留言交流。\", \"color\": \"green\"}, {\"text\": \"联系邮箱：system@quan.icu\", \"color\": \"#108ee9\"}]', 1, NULL, '站点通知', NULL, '2024-01-27 15:51:37', '0', b'0');
INSERT INTO `dictionary` (`id`, `code`, `value`, `open`, `remark`, `name`, `create_time`, `update_time`, `type`, `del_flag`) VALUES (14, 'articleType', '[{\"text\": \"原创\", \"color\": \"green\", \"label\": \"原创\", \"value\": 1}, {\"text\": \"转载\", \"color\": \"orange\", \"label\": \"转载\", \"value\": 2}, {\"text\": \"官方\", \"color\": \"blue\", \"label\": \"官方\", \"value\": 3}]', 1, NULL, '文章类型', NULL, '2024-01-27 15:37:47', '2', b'0');
INSERT INTO `dictionary` (`id`, `code`, `value`, `open`, `remark`, `name`, `create_time`, `update_time`, `type`, `del_flag`) VALUES (15, 'publishType', '[{\"text\": \"全部可见\", \"color\": \"green\", \"label\": \"全部可见\", \"value\": 1}, {\"text\": \"仅自己可见\", \"color\": \"orange\", \"label\": \"仅自己可见\", \"value\": 2}, {\"text\": \"粉丝可见\", \"color\": \"Processing\", \"label\": \"粉丝可见\", \"value\": 3}]', 0, NULL, '文章发布类型', NULL, '2024-01-27 15:45:36', '2', b'0');
INSERT INTO `dictionary` (`id`, `code`, `value`, `open`, `remark`, `name`, `create_time`, `update_time`, `type`, `del_flag`) VALUES (16, 'articleStatus', '[{\"text\": \"正常\", \"color\": \"green\", \"label\": \"正常\", \"value\": 0}, {\"text\": \"审核中\", \"color\": \"yellow\", \"label\": \"审核中\", \"value\": 1}, {\"text\": \"审核不通过\", \"color\": \"red\", \"label\": \"审核不通过\", \"value\": 2}]', 0, NULL, '文章状态', NULL, '2024-01-27 15:46:23', '2', b'0');
INSERT INTO `dictionary` (`id`, `code`, `value`, `open`, `remark`, `name`, `create_time`, `update_time`, `type`, `del_flag`) VALUES (17, 'permission_action_type', '[{\"label\": \"新增权限\", \"value\": \"add\"}, {\"label\": \"修改权限\", \"value\": \"edit\"}, {\"label\": \"查看列表权限\", \"value\": \"query\"}, {\"label\": \"查看详细权限\", \"value\": \"get\"}, {\"label\": \"删除权限\", \"value\": \"delete\"}, {\"label\": \"导入权限\", \"value\": \"import\"}, {\"label\": \"导出权限\", \"value\": \"export\"}, {\"label\": \"登录身份权限\", \"value\": \"user\"}, {\"label\": \"管理员访问权限\", \"value\": \"admin\"}, {\"label\": \"匿名访问权限\", \"value\": \"anon\"}, {\"label\": \"禁止访问\", \"value\": \"stop\"}, {\"label\": \"白名单权限\", \"value\": \"ip\"}]', 0, '权限操作类型，用于角色授权', '权限操作类型', NULL, '2024-01-27 15:51:09', '4', b'0');
INSERT INTO `dictionary` (`id`, `code`, `value`, `open`, `remark`, `name`, `create_time`, `update_time`, `type`, `del_flag`) VALUES (18, 'system_config', '{\"tools\": {\"block\": \"\", \"title\": \"<p>在线工具</p>\", \"block-bak\": \"<a href=\'/tools\'>查看更多</a>\", \"description\": \"记录常用的一些在线工具\"}, \"banner\": {\"image\": \"https://gw.alipayobjects.com/mdn/rms_ae7ad9/afts/img/A*-wAhRYnWQscAAAAAAAAAAABkARQnAQ\", \"title\": \"Java Quan\", \"subTitle\": \"\", \"description\": \"JavaQuan的个人博客，记录工作中遇到的问题与经验\"}, \"module\": {\"tag\": {\"style\": {}, \"title\": \"标签\", \"visible\": false}, \"article\": {\"visible\": true}, \"friendly_link\": {\"style\": {\"margin\": \"0px 0px\"}, \"title\": \"友链\", \"visible\": true}}, \"article\": {\"block\": \"<a href=\'/article\'>查看更多</a>\", \"title\": \"<p>近期发布</p>\", \"description\": \"记录最新发布的文章，进入文章菜单或点击查看更多，获取全部文章\"}, \"siteNotice\": {\"title\": \"ding\"}}', 1, NULL, 'C端系统配置参数', NULL, '2024-01-27 15:51:43', '0', b'0');
INSERT INTO `dictionary` (`id`, `code`, `value`, `open`, `remark`, `name`, `create_time`, `update_time`, `type`, `del_flag`) VALUES (19, 'article_category_type', '[{\"color\": \"green\", \"label\": \"系统分类\", \"value\": 1}]', 0, NULL, '文章分类类型', '2023-08-30 22:34:02', '2024-01-27 15:18:21', '2', b'0');
INSERT INTO `dictionary` (`id`, `code`, `value`, `open`, `remark`, `name`, `create_time`, `update_time`, `type`, `del_flag`) VALUES (20, 'article_tag_type', '[{\"color\": \"yellow\", \"label\": \"标签\", \"value\": 1}, {\"color\": \"green\", \"label\": \"系统标签\", \"value\": 2, \"disabled\": true}]', 0, NULL, '文章标签类型', '2023-09-06 20:52:19', '2024-01-27 15:18:12', '2', b'0');
INSERT INTO `dictionary` (`id`, `code`, `value`, `open`, `remark`, `name`, `create_time`, `update_time`, `type`, `del_flag`) VALUES (21, 'sex_type', '[{\"color\": \"yellow\", \"label\": \"保密\", \"value\": 0}, {\"color\": \"blue\", \"label\": \"男\", \"value\": 1}, {\"color\": \"pink\", \"label\": \"女\", \"value\": 2}, {\"color\": \"black\", \"label\": \"其它\", \"value\": 3, \"disabled\": true}]', 0, NULL, '性别类型', '2023-09-09 21:11:15', '2024-01-27 15:16:47', '5', b'0');
INSERT INTO `dictionary` (`id`, `code`, `value`, `open`, `remark`, `name`, `create_time`, `update_time`, `type`, `del_flag`) VALUES (22, 'user_info_steps', '[{\"title\": \"基本信息\", \"content\": \"First-content\", \"description\": \"用户的基本信息\"}]', 0, NULL, '用户信息添加步骤设置', '2023-09-09 22:44:09', '2024-01-27 15:17:39', '3', b'0');
INSERT INTO `dictionary` (`id`, `code`, `value`, `open`, `remark`, `name`, `create_time`, `update_time`, `type`, `del_flag`) VALUES (23, 'account_type', '[{\"color\": \"blue\", \"label\": \"普通用户\", \"value\": 1}, {\"color\": \"orange\", \"label\": \"会员用户\", \"value\": 2}]', 0, NULL, '用户类型', '2023-09-12 17:37:59', '2024-01-27 15:17:53', '3', b'0');
INSERT INTO `dictionary` (`id`, `code`, `value`, `open`, `remark`, `name`, `create_time`, `update_time`, `type`, `del_flag`) VALUES (24, 'account_status', '[{\"color\": \"blue\", \"label\": \"正常\", \"value\": 0}, {\"color\": \"yellow\", \"label\": \"冻结\", \"value\": 1}, {\"color\": \"red\", \"label\": \"注销\", \"value\": 2}, {\"color\": \"pink\", \"label\": \"审核中\", \"value\": 3}]', 0, NULL, '账号状态配置', '2023-09-12 17:45:17', '2024-01-27 15:18:03', '3', b'0');
INSERT INTO `dictionary` (`id`, `code`, `value`, `open`, `remark`, `name`, `create_time`, `update_time`, `type`, `del_flag`) VALUES (25, 'third_type', '[{\"label\": \"邮箱\", \"value\": \"EMAIL\"}, {\"label\": \"钉钉\", \"value\": \"DINGTALK\"}]', 0, NULL, '第三方账号类型', '2023-09-13 19:02:35', '2024-01-27 15:17:46', '1', b'0');
INSERT INTO `dictionary` (`id`, `code`, `value`, `open`, `remark`, `name`, `create_time`, `update_time`, `type`, `del_flag`) VALUES (26, 'third_bind_status', '[{\"color\": \"red\", \"label\": \"未绑定\", \"value\": 0}, {\"color\": \"blue\", \"label\": \"已绑定\", \"value\": 1}]', 0, NULL, '第三方账号绑定状态', '2023-09-13 19:04:26', '2024-01-27 15:17:29', '1', b'0');
INSERT INTO `dictionary` (`id`, `code`, `value`, `open`, `remark`, `name`, `create_time`, `update_time`, `type`, `del_flag`) VALUES (27, 'boolean', '[{\"color\": \"red\", \"label\": \"是\", \"value\": true}, {\"color\": \"blue\", \"label\": \"否\", \"value\": false}]', 1, NULL, '布尔值', '2024-01-17 23:54:06', '2024-01-27 15:16:54', '5', b'0');
INSERT INTO `dictionary` (`id`, `code`, `value`, `open`, `remark`, `name`, `create_time`, `update_time`, `type`, `del_flag`) VALUES (28, 'dictionary_type', '[{\"label\": \"系统设置\", \"value\": \"0\"}, {\"label\": \"第三方业务\", \"value\": \"1\"}, {\"label\": \"内容管理\", \"value\": \"2\"}, {\"label\": \"用户管理\", \"value\": \"3\"}, {\"label\": \"权限管理\", \"value\": \"4\"}, {\"label\": \"通用设置\", \"value\": \"5\"}]', 0, NULL, '字典类型', '2024-01-27 14:58:04', '2024-01-27 15:16:31', '0', b'0');
INSERT INTO `dictionary` (`id`, `code`, `value`, `open`, `remark`, `name`, `create_time`, `update_time`, `type`, `del_flag`) VALUES (29, 'target', '[{\"label\": \"默认\", \"value\": \"\"}, {\"label\": \"内部跳转\", \"value\": \"_self\"}, {\"label\": \"跳转到外链\", \"value\": \"_blank\"}]', 0, NULL, '打开页面方式', '2024-01-27 16:36:21', '2024-01-27 16:42:25', '5', b'0');
INSERT INTO `dictionary` (`id`, `code`, `value`, `open`, `remark`, `name`, `create_time`, `update_time`, `type`, `del_flag`) VALUES (30, 'roleStatus', '[{\"label\": \"启用\", \"value\": 0, \"status\": \"Processing\"}, {\"color\": \"red\", \"label\": \"禁用\", \"value\": 1}]', 0, NULL, '角色状态', '2024-01-27 16:45:33', '2024-01-27 16:45:33', '4', b'0');
COMMIT;


-- region chat data test

-- ----------------------------
-- Records of chat_user_friend
-- ----------------------------
BEGIN;
INSERT INTO `chat_user_friend` (`id`, `user_id`, `friend_user_id`, `friend_group_id`, `create_time`, `update_time`, `del_flag`, `disturb`, `topping`) VALUES (1, '10000', '10004', '10000-2', NULL, NULL, b'0', b'0', b'0');
INSERT INTO `chat_user_friend` (`id`, `user_id`, `friend_user_id`, `friend_group_id`, `create_time`, `update_time`, `del_flag`, `disturb`, `topping`) VALUES (2, '10000', '10005', '10000-1', NULL, NULL, b'0', b'0', b'0');
INSERT INTO `chat_user_friend` (`id`, `user_id`, `friend_user_id`, `friend_group_id`, `create_time`, `update_time`, `del_flag`, `disturb`, `topping`) VALUES (3, '10004', '10000', '10004-1', NULL, NULL, b'0', b'0', b'0');
INSERT INTO `chat_user_friend` (`id`, `user_id`, `friend_user_id`, `friend_group_id`, `create_time`, `update_time`, `del_flag`, `disturb`, `topping`) VALUES (4, '10005', '10000', '10005-1', NULL, NULL, b'0', b'0', b'0');
COMMIT;

-- ----------------------------
-- Records of chat_user_friend_group
-- ----------------------------
BEGIN;
INSERT INTO `chat_user_friend_group` (`id`, `group_id`, `group_name`, `user_id`, `status`, `disturb`, `topping`, `order`, `create_time`, `update_time`, `del_flag`) VALUES (1, '10000-1', '坦克', '10000', NULL, b'0', b'0', 0, NULL, NULL, b'0');
INSERT INTO `chat_user_friend_group` (`id`, `group_id`, `group_name`, `user_id`, `status`, `disturb`, `topping`, `order`, `create_time`, `update_time`, `del_flag`) VALUES (2, '10000-2', '法师', '10000', NULL, b'0', b'0', 1, NULL, NULL, b'0');
INSERT INTO `chat_user_friend_group` (`id`, `group_id`, `group_name`, `user_id`, `status`, `disturb`, `topping`, `order`, `create_time`, `update_time`, `del_flag`) VALUES (3, '10004-1', '坦克', '10004', NULL, b'0', b'0', 1, NULL, NULL, b'0');
INSERT INTO `chat_user_friend_group` (`id`, `group_id`, `group_name`, `user_id`, `status`, `disturb`, `topping`, `order`, `create_time`, `update_time`, `del_flag`) VALUES (4, '10005-1', '坦克', '10005', NULL, b'0', b'0', 0, NULL, NULL, b'0');
COMMIT;

-- ----------------------------
-- Records of chat_user_info
-- ----------------------------
BEGIN;
INSERT INTO `chat_user_info` (`id`, `user_id`, `user_name`, `status`, `sign`, `avatar`, `create_time`, `update_time`, `del_flag`) VALUES (1, '10000', '亚瑟', 'online', NULL, NULL, NULL, NULL, b'0');
INSERT INTO `chat_user_info` (`id`, `user_id`, `user_name`, `status`, `sign`, `avatar`, `create_time`, `update_time`, `del_flag`) VALUES (2, '10001', '甄姬', 'offline', NULL, NULL, NULL, NULL, b'0');
INSERT INTO `chat_user_info` (`id`, `user_id`, `user_name`, `status`, `sign`, `avatar`, `create_time`, `update_time`, `del_flag`) VALUES (3, '10002', '芈月', 'online', NULL, NULL, NULL, NULL, b'0');
INSERT INTO `chat_user_info` (`id`, `user_id`, `user_name`, `status`, `sign`, `avatar`, `create_time`, `update_time`, `del_flag`) VALUES (4, '10004', '貂蝉', 'online', NULL, NULL, NULL, NULL, b'0');
INSERT INTO `chat_user_info` (`id`, `user_id`, `user_name`, `status`, `sign`, `avatar`, `create_time`, `update_time`, `del_flag`) VALUES (5, '10005', '程咬金', 'offline', NULL, NULL, NULL, NULL, b'0');
COMMIT;

-- endregion chat data test
